ix,iy,x0,x1,y0,y1,status,visits,maxdepth,minimum_squared_gap
0,0,0,0.015625,0,0.015625,0,0,0,0
1,0,0.015625,0.03125,0,0.015625,0,20,22,0
2,0,0.03125,0.046875,0,0.015625,0,20,22,0
3,0,0.046875,0.0625,0,0.015625,0,20,22,0
4,0,0.0625,0.078125,0,0.015625,0,20,22,0
5,0,0.078125,0.09375,0,0.015625,0,20,22,0
6,0,0.09375,0.109375,0,0.015625,0,20,22,0
7,0,0.109375,0.125,0,0.015625,0,44,22,0
8,0,0.125,0.140625,0,0.015625,0,44,22,0
9,0,0.140625,0.15625,0,0.015625,0,40,22,0
10,0,0.15625,0.171875,0,0.015625,0,40,22,0
11,0,0.171875,0.1875,0,0.015625,0,40,22,0
12,0,0.1875,0.203125,0,0.015625,0,42,22,0
13,0,0.203125,0.21875,0,0.015625,0,36,22,0
14,0,0.21875,0.234375,0,0.015625,0,42,22,0
15,0,0.234375,0.25,0,0.015625,0,39,22,0
16,0,0.25,0.265625,0,0.015625,1,15,3,0.00086643933766997877
17,0,0.265625,0.28125,0,0.015625,1,15,3,0.0020225523243697706
18,0,0.28125,0.296875,0,0.015625,1,15,3,0.0030912913159008115
19,0,0.296875,0.3125,0,0.015625,1,15,3,0.0042607918850138841
20,0,0.3125,0.328125,0,0.015625,1,15,3,0.0055268686453010191
21,0,0.328125,0.34375,0,0.015625,1,15,3,0.0068848417374312793
22,0,0.34375,0.359375,0,0.015625,1,15,3,0.0083295467417390454
23,0,0.359375,0.375,0,0.015625,1,15,3,0.0098553337708208021
24,0,0.375,0.390625,0,0.015625,1,15,3,0.011456055839171607
25,0,0.390625,0.40625,0,0.015625,1,15,3,0.013125046574367506
26,0,0.40625,0.421875,0,0.015625,1,15,3,0.014855087313006147
27,0,0.421875,0.4375,0,0.015625,1,15,3,0.016638363610277086
28,0,0.4375,0.453125,0,0.015625,1,15,3,0.018466411182053912
29,0,0.453125,0.46875,0,0.015625,1,15,3,0.020330051291168279
30,0,0.46875,0.484375,0,0.015625,1,15,3,0.022219315584001226
31,0,0.484375,0.5,0,0.015625,1,15,3,0.024123360379003093
32,0,0.5,0.515625,0,0.015625,1,15,3,0.02244157598192455
33,0,0.515625,0.53125,0,0.015625,1,15,3,0.020315997471546943
34,0,0.53125,0.546875,0,0.015625,1,15,3,0.018230209796385538
35,0,0.546875,0.5625,0,0.015625,1,15,3,0.016194742753178466
36,0,0.5625,0.578125,0,0.015625,1,15,3,0.014219250112241347
37,0,0.578125,0.59375,0,0.015625,1,15,3,0.012312595328947113
38,0,0.59375,0.609375,0,0.015625,1,15,3,0.01048292670713496
39,0,0.609375,0.625,0,0.015625,1,15,3,0.0087377420128361468
40,0,0.625,0.640625,0,0.015625,1,15,3,0.007083942532181745
41,0,0.640625,0.65625,0,0.015625,1,15,3,0.0055278765618328408
42,0,0.65625,0.671875,0,0.015625,1,15,3,0.0040753723130392853
43,0,0.671875,0.6875,0,0.015625,1,15,3,0.0027317602004576932
44,0,0.6875,0.703125,0,0.015625,1,15,3,0.0015018844725148137
45,0,0.703125,0.71875,0,0.015625,1,15,3,0.00039010411881078977
46,0,0.71875,0.734375,0,0.015625,0,46,22,0
47,0,0.734375,0.75,0,0.015625,0,46,22,0
48,0,0.75,0.765625,0,0.015625,0,46,22,0
49,0,0.765625,0.78125,0,0.015625,0,46,22,0
50,0,0.78125,0.796875,0,0.015625,0,46,22,0
51,0,0.796875,0.8125,0,0.015625,0,46,22,0
52,0,0.8125,0.828125,0,0.015625,0,46,22,0
53,0,0.828125,0.84375,0,0.015625,0,46,22,0
54,0,0.84375,0.859375,0,0.015625,0,46,22,0
55,0,0.859375,0.875,0,0.015625,0,46,22,0
56,0,0.875,0.890625,0,0.015625,0,46,22,0
57,0,0.890625,0.90625,0,0.015625,0,46,22,0
58,0,0.90625,0.921875,0,0.015625,0,46,22,0
59,0,0.921875,0.9375,0,0.015625,0,46,22,0
60,0,0.9375,0.953125,0,0.015625,0,46,22,0
61,0,0.953125,0.96875,0,0.015625,0,46,22,0
62,0,0.96875,0.984375,0,0.015625,0,46,22,0
63,0,0.984375,1,0,0.015625,0,0,0,0
0,1,0,0.015625,0.015625,0.03125,0,0,0,0
1,1,0.015625,0.03125,0.015625,0.03125,0,20,22,0
2,1,0.03125,0.046875,0.015625,0.03125,0,20,22,0
3,1,0.046875,0.0625,0.015625,0.03125,0,20,22,0
4,1,0.0625,0.078125,0.015625,0.03125,0,20,22,0
5,1,0.078125,0.09375,0.015625,0.03125,0,20,22,0
6,1,0.09375,0.109375,0.015625,0.03125,0,20,22,0
7,1,0.109375,0.125,0.015625,0.03125,0,23,22,0
8,1,0.125,0.140625,0.015625,0.03125,0,44,22,0
9,1,0.140625,0.15625,0.015625,0.03125,0,40,22,0
10,1,0.15625,0.171875,0.015625,0.03125,0,40,22,0
11,1,0.171875,0.1875,0.015625,0.03125,0,40,22,0
12,1,0.1875,0.203125,0.015625,0.03125,0,40,22,0
13,1,0.203125,0.21875,0.015625,0.03125,0,42,22,0
14,1,0.21875,0.234375,0.015625,0.03125,0,42,22,0
15,1,0.234375,0.25,0.015625,0.03125,0,42,22,0
16,1,0.25,0.265625,0.015625,0.03125,1,17,4,0.00059756150680810051
17,1,0.265625,0.28125,0.015625,0.03125,1,15,3,0.0015473797711046901
18,1,0.28125,0.296875,0.015625,0.03125,1,15,3,0.0026002503802426617
19,1,0.296875,0.3125,0.015625,0.03125,1,15,3,0.0037525781003728358
20,1,0.3125,0.328125,0.015625,0.03125,1,15,3,0.0050002336442529936
21,1,0.328125,0.34375,0.015625,0.03125,1,15,3,0.0063385779052463091
22,1,0.34375,0.359375,0.015625,0.03125,1,15,3,0.0077624741803145594
23,1,0.359375,0.375,0.015625,0.03125,1,15,3,0.0092662888506562166
24,1,0.375,0.390625,0.015625,0.03125,1,15,3,0.01084388082343532
25,1,0.390625,0.40625,0.015625,0.03125,1,15,3,0.012488579933649085
26,1,0.40625,0.421875,0.015625,0.03125,1,15,3,0.014193154437280767
27,1,0.421875,0.4375,0.015625,0.03125,1,15,3,0.01594976768131454
28,1,0.4375,0.453125,0.015625,0.03125,1,15,3,0.017749924004448778
29,1,0.453125,0.46875,0.015625,0.03125,1,15,3,0.019584403899169624
30,1,0.46875,0.484375,0.015625,0.03125,1,15,3,0.021443188447845575
31,1,0.484375,0.5,0.015625,0.03125,1,15,3,0.02331537303037572
32,1,0.5,0.515625,0.015625,0.03125,1,15,3,0.021743631853344516
33,1,0.515625,0.53125,0.015625,0.03125,1,15,3,0.019644908657026498
34,1,0.53125,0.546875,0.015625,0.03125,1,15,3,0.017584782441370825
35,1,0.546875,0.5625,0.015625,0.03125,1,15,3,0.015573844640158855
36,1,0.5625,0.578125,0.015625,0.03125,1,15,3,0.013621800286210605
37,1,0.578125,0.59375,0.015625,0.03125,1,15,3,0.011737554303736538
38,1,0.59375,0.609375,0.015625,0.03125,1,15,3,0.0099292870722429497
39,1,0.609375,0.625,0.015625,0.03125,1,15,3,0.0082045192644584191
40,1,0.625,0.640625,0.015625,0.03125,1,15,3,0.0065701659456203236
41,1,0.640625,0.65625,0.015625,0.03125,1,15,3,0.0050325799034605352
42,1,0.65625,0.671875,0.015625,0.03125,1,15,3,0.0035975841550518659
43,1,0.671875,0.6875,0.015625,0.03125,1,15,3,0.002270493544940837
44,1,0.6875,0.703125,0.015625,0.03125,1,15,3,0.0010561253034187879
45,1,0.703125,0.71875,0.015625,0.03125,0,47,22,0
46,1,0.71875,0.734375,0.015625,0.03125,0,46,22,0
47,1,0.734375,0.75,0.015625,0.03125,0,46,22,0
48,1,0.75,0.765625,0.015625,0.03125,0,48,22,0
49,1,0.765625,0.78125,0.015625,0.03125,0,46,22,0
50,1,0.78125,0.796875,0.015625,0.03125,0,46,22,0
51,1,0.796875,0.8125,0.015625,0.03125,0,46,22,0
52,1,0.8125,0.828125,0.015625,0.03125,0,46,22,0
53,1,0.828125,0.84375,0.015625,0.03125,0,46,22,0
54,1,0.84375,0.859375,0.015625,0.03125,0,46,22,0
55,1,0.859375,0.875,0.015625,0.03125,0,46,22,0
56,1,0.875,0.890625,0.015625,0.03125,0,46,22,0
57,1,0.890625,0.90625,0.015625,0.03125,0,46,22,0
58,1,0.90625,0.921875,0.015625,0.03125,0,46,22,0
59,1,0.921875,0.9375,0.015625,0.03125,0,46,22,0
60,1,0.9375,0.953125,0.015625,0.03125,0,46,22,0
61,1,0.953125,0.96875,0.015625,0.03125,0,46,22,0
62,1,0.96875,0.984375,0.015625,0.03125,0,46,22,0
63,1,0.984375,1,0.015625,0.03125,0,0,0,0
0,2,0,0.015625,0.03125,0.046875,0,0,0,0
1,2,0.015625,0.03125,0.03125,0.046875,0,20,22,0
2,2,0.03125,0.046875,0.03125,0.046875,0,20,22,0
3,2,0.046875,0.0625,0.03125,0.046875,0,20,22,0
4,2,0.0625,0.078125,0.03125,0.046875,0,20,22,0
5,2,0.078125,0.09375,0.03125,0.046875,0,20,22,0
6,2,0.09375,0.109375,0.03125,0.046875,0,20,22,0
7,2,0.109375,0.125,0.03125,0.046875,0,23,22,0
8,2,0.125,0.140625,0.03125,0.046875,0,44,22,0
9,2,0.140625,0.15625,0.03125,0.046875,0,44,22,0
10,2,0.15625,0.171875,0.03125,0.046875,0,40,22,0
11,2,0.171875,0.1875,0.03125,0.046875,0,40,22,0
12,2,0.1875,0.203125,0.03125,0.046875,0,40,22,0
13,2,0.203125,0.21875,0.03125,0.046875,0,36,22,0
14,2,0.21875,0.234375,0.03125,0.046875,0,39,22,0
15,2,0.234375,0.25,0.03125,0.046875,0,42,22,0
16,2,0.25,0.265625,0.03125,0.046875,0,55,22,0
17,2,0.265625,0.28125,0.03125,0.046875,1,15,3,0.00090678165851767318
18,2,0.28125,0.296875,0.03125,0.046875,1,15,3,0.0019471385089883974
19,2,0.296875,0.3125,0.03125,0.046875,1,15,3,0.0030848456660704528
20,2,0.3125,0.328125,0.03125,0.046875,1,15,3,0.0043158932251345624
21,2,0.328125,0.34375,0.03125,0.046875,1,15,3,0.0056357294373046091
22,2,0.34375,0.359375,0.03125,0.046875,1,15,3,0.0070392785229220359
23,2,0.359375,0.375,0.03125,0.046875,1,15,3,0.0085209452108999002
24,2,0.375,0.390625,0.03125,0.046875,1,15,3,0.010074606825588962
25,2,0.390625,0.40625,0.03125,0.046875,1,15,3,0.011693593456509412
26,2,0.40625,0.421875,0.03125,0.046875,1,15,3,0.013370656562249422
27,2,0.421875,0.4375,0.03125,0.046875,1,15,3,0.015097926237850837
28,2,0.4375,0.453125,0.03125,0.046875,1,15,3,0.016866857291260404
29,2,0.453125,0.46875,0.03125,0.046875,1,15,3,0.018668164214333614
30,2,0.46875,0.484375,0.03125,0.046875,1,15,3,0.020491745088177239
31,2,0.484375,0.5,0.03125,0.046875,1,15,3,0.022326594425149515
32,2,0.5,0.515625,0.03125,0.046875,1,15,3,0.020866797050157922
33,2,0.515625,0.53125,0.03125,0.046875,1,15,3,0.018800344858275312
34,2,0.53125,0.546875,0.03125,0.046875,1,15,3,0.016770543991598476
35,2,0.546875,0.5625,0.03125,0.046875,1,15,3,0.014788087449941522
36,2,0.5625,0.578125,0.03125,0.046875,1,15,3,0.012862763965878168
37,2,0.578125,0.59375,0.03125,0.046875,1,15,3,0.011003545162741414
38,2,0.59375,0.609375,0.03125,0.046875,1,15,3,0.0092186616492811284
39,2,0.609375,0.625,0.03125,0.046875,1,15,3,0.0075156680486601788
40,2,0.625,0.640625,0.03125,0.046875,1,15,3,0.0059014969220029358
41,2,0.640625,0.65625,0.03125,0.046875,1,15,3,0.0043825015010102086
42,2,0.65625,0.671875,0.03125,0.046875,1,15,3,0.0029644870840600294
43,2,0.671875,0.6875,0.03125,0.046875,1,15,3,0.0016527308664762931
44,2,0.6875,0.703125,0.03125,0.046875,1,15,3,0.00045198985366255538
45,2,0.703125,0.71875,0.03125,0.046875,0,47,22,0
46,2,0.71875,0.734375,0.03125,0.046875,0,46,22,0
47,2,0.734375,0.75,0.03125,0.046875,0,46,22,0
48,2,0.75,0.765625,0.03125,0.046875,0,46,22,0
49,2,0.765625,0.78125,0.03125,0.046875,0,46,22,0
50,2,0.78125,0.796875,0.03125,0.046875,0,46,22,0
51,2,0.796875,0.8125,0.03125,0.046875,0,46,22,0
52,2,0.8125,0.828125,0.03125,0.046875,0,46,22,0
53,2,0.828125,0.84375,0.03125,0.046875,0,46,22,0
54,2,0.84375,0.859375,0.03125,0.046875,0,46,22,0
55,2,0.859375,0.875,0.03125,0.046875,0,46,22,0
56,2,0.875,0.890625,0.03125,0.046875,0,46,22,0
57,2,0.890625,0.90625,0.03125,0.046875,0,46,22,0
58,2,0.90625,0.921875,0.03125,0.046875,0,46,22,0
59,2,0.921875,0.9375,0.03125,0.046875,0,46,22,0
60,2,0.9375,0.953125,0.03125,0.046875,0,46,22,0
61,2,0.953125,0.96875,0.03125,0.046875,0,46,22,0
62,2,0.96875,0.984375,0.03125,0.046875,0,46,22,0
63,2,0.984375,1,0.03125,0.046875,0,0,0,0
0,3,0,0.015625,0.046875,0.0625,0,0,0,0
1,3,0.015625,0.03125,0.046875,0.0625,0,20,22,0
2,3,0.03125,0.046875,0.046875,0.0625,0,20,22,0
3,3,0.046875,0.0625,0.046875,0.0625,0,20,22,0
4,3,0.0625,0.078125,0.046875,0.0625,0,20,22,0
5,3,0.078125,0.09375,0.046875,0.0625,0,20,22,0
6,3,0.09375,0.109375,0.046875,0.0625,0,20,22,0
7,3,0.109375,0.125,0.046875,0.0625,0,23,22,0
8,3,0.125,0.140625,0.046875,0.0625,0,26,22,0
9,3,0.140625,0.15625,0.046875,0.0625,0,44,22,0
10,3,0.15625,0.171875,0.046875,0.0625,0,44,22,0
11,3,0.171875,0.1875,0.046875,0.0625,0,40,22,0
12,3,0.1875,0.203125,0.046875,0.0625,0,40,22,0
13,3,0.203125,0.21875,0.046875,0.0625,0,36,22,0
14,3,0.21875,0.234375,0.046875,0.0625,0,42,22,0
15,3,0.234375,0.25,0.046875,0.0625,0,42,22,0
16,3,0.25,0.265625,0.046875,0.0625,0,42,22,0
17,3,0.265625,0.28125,0.046875,0.0625,1,21,5,8.4298577199021216e-05
18,3,0.28125,0.296875,0.046875,0.0625,1,15,3,0.0011167119927837415
19,3,0.296875,0.3125,0.046875,0.0625,1,15,3,0.0022433456200997427
20,3,0.3125,0.328125,0.046875,0.0625,1,15,3,0.003460414494919017
21,3,0.328125,0.34375,0.046875,0.0625,1,15,3,0.0047635327306125652
22,3,0.34375,0.359375,0.046875,0.0625,1,15,3,0.0061477430203887825
23,3,0.359375,0.375,0.046875,0.0625,1,15,3,0.0076075292643235605
24,3,0.375,0.390625,0.046875,0.0625,1,15,3,0.0091368142581730333
25,3,0.390625,0.40625,0.046875,0.0625,1,15,3,0.010728943700490354
26,3,0.40625,0.421875,0.046875,0.0625,1,15,3,0.012376657341634859
27,3,0.421875,0.4375,0.046875,0.0625,1,15,3,0.014072047814792097
28,3,0.4375,0.453125,0.046875,0.0625,1,15,3,0.015806507497440083
29,3,0.453125,0.46875,0.046875,0.0625,1,15,3,0.017570663616860539
30,3,0.46875,0.484375,0.046875,0.0625,1,15,3,0.019354301713444461
31,3,0.484375,0.5,0.046875,0.0625,1,15,3,0.021146277496425774
32,3,0.5,0.515625,0.046875,0.0625,1,15,3,0.019800256577125731
33,3,0.515625,0.53125,0.046875,0.0625,1,15,3,0.017771555053893259
34,3,0.53125,0.546875,0.046875,0.0625,1,15,3,0.01577675929591232
35,3,0.546875,0.5625,0.046875,0.0625,1,15,3,0.013826701804613281
36,3,0.5625,0.578125,0.046875,0.0625,1,15,3,0.011931284551777563
37,3,0.578125,0.59375,0.046875,0.0625,1,15,3,0.01009956712380386
38,3,0.59375,0.609375,0.046875,0.0625,1,15,3,0.0083398432584026946
39,3,0.609375,0.625,0.046875,0.0625,1,15,3,0.0066597057390851483
40,3,0.625,0.640625,0.046875,0.0625,1,15,3,0.0050660995336964344
41,3,0.640625,0.65625,0.046875,0.0625,1,15,3,0.0035653629633962416
42,3,0.65625,0.671875,0.046875,0.0625,1,15,3,0.0021632565536492099
43,3,0.671875,0.6875,0.046875,0.0625,1,15,3,0.00086497902710829997
44,3,0.6875,0.703125,0.046875,0.0625,0,47,22,0
45,3,0.703125,0.71875,0.046875,0.0625,0,47,22,0
46,3,0.71875,0.734375,0.046875,0.0625,0,46,22,0
47,3,0.734375,0.75,0.046875,0.0625,0,50,22,0
48,3,0.75,0.765625,0.046875,0.0625,0,46,22,0
49,3,0.765625,0.78125,0.046875,0.0625,0,46,22,0
50,3,0.78125,0.796875,0.046875,0.0625,0,46,22,0
51,3,0.796875,0.8125,0.046875,0.0625,0,46,22,0
52,3,0.8125,0.828125,0.046875,0.0625,0,46,22,0
53,3,0.828125,0.84375,0.046875,0.0625,0,46,22,0
54,3,0.84375,0.859375,0.046875,0.0625,0,46,22,0
55,3,0.859375,0.875,0.046875,0.0625,0,46,22,0
56,3,0.875,0.890625,0.046875,0.0625,0,46,22,0
57,3,0.890625,0.90625,0.046875,0.0625,0,46,22,0
58,3,0.90625,0.921875,0.046875,0.0625,0,46,22,0
59,3,0.921875,0.9375,0.046875,0.0625,0,46,22,0
60,3,0.9375,0.953125,0.046875,0.0625,0,46,22,0
61,3,0.953125,0.96875,0.046875,0.0625,0,46,22,0
62,3,0.96875,0.984375,0.046875,0.0625,0,46,22,0
63,3,0.984375,1,0.046875,0.0625,0,0,0,0
0,4,0,0.015625,0.0625,0.078125,0,0,0,0
1,4,0.015625,0.03125,0.0625,0.078125,0,20,22,0
2,4,0.03125,0.046875,0.0625,0.078125,0,20,22,0
3,4,0.046875,0.0625,0.0625,0.078125,0,20,22,0
4,4,0.0625,0.078125,0.0625,0.078125,0,20,22,0
5,4,0.078125,0.09375,0.0625,0.078125,0,20,22,0
6,4,0.09375,0.109375,0.0625,0.078125,0,20,22,0
7,4,0.109375,0.125,0.0625,0.078125,0,23,22,0
8,4,0.125,0.140625,0.0625,0.078125,0,26,22,0
9,4,0.140625,0.15625,0.0625,0.078125,0,48,22,0
10,4,0.15625,0.171875,0.0625,0.078125,0,44,22,0
11,4,0.171875,0.1875,0.0625,0.078125,0,44,22,0
12,4,0.1875,0.203125,0.0625,0.078125,0,40,22,0
13,4,0.203125,0.21875,0.0625,0.078125,0,40,22,0
14,4,0.21875,0.234375,0.0625,0.078125,0,44,22,0
15,4,0.234375,0.25,0.0625,0.078125,0,37,22,0
16,4,0.25,0.265625,0.0625,0.078125,0,42,22,0
17,4,0.265625,0.28125,0.0625,0.078125,0,40,22,0
18,4,0.28125,0.296875,0.0625,0.078125,1,15,3,8.6531558328644523e-05
19,4,0.296875,0.3125,0.0625,0.078125,1,15,3,0.0012071362038863669
20,4,0.3125,0.328125,0.0625,0.078125,1,15,3,0.002414083660153337
21,4,0.328125,0.34375,0.0625,0.078125,1,15,3,0.0037032811776414715
22,4,0.34375,0.359375,0.0625,0.078125,1,15,3,0.0050699846186915845
23,4,0.359375,0.375,0.0625,0.078125,1,15,3,0.0065088264399694321
24,4,0.375,0.390625,0.0625,0.078125,1,15,3,0.0080138240808620333
25,4,0.390625,0.40625,0.0625,0.078125,1,15,3,0.009578371408714122
26,4,0.40625,0.421875,0.0625,0.078125,1,15,3,0.01119521495706685
27,4,0.421875,0.4375,0.0625,0.078125,1,15,3,0.01285641609999927
28,4,0.4375,0.453125,0.0625,0.078125,1,15,3,0.014553299909654678
29,4,0.453125,0.46875,0.0625,0.078125,1,15,3,0.016276391170186588
30,4,0.46875,0.484375,0.0625,0.078125,1,15,3,0.018015337823344441
31,4,0.484375,0.5,0.0625,0.078125,1,15,3,0.019758821969024006
32,4,0.5,0.515625,0.0625,0.078125,1,15,3,0.018528341532235242
33,4,0.515625,0.53125,0.0625,0.078125,1,15,3,0.016542950815237271
34,4,0.53125,0.546875,0.0625,0.078125,1,15,3,0.014587850187900217
35,4,0.546875,0.5625,0.0625,0.078125,1,15,3,0.012674046459484589
36,4,0.5625,0.578125,0.0625,0.078125,1,15,3,0.010811579898905252
37,4,0.578125,0.59375,0.0625,0.078125,1,15,3,0.0090096132341810718
38,4,0.59375,0.609375,0.0625,0.078125,1,15,3,0.0072765082068492236
39,4,0.609375,0.625,0.0625,0.078125,1,15,3,0.0056198895580191746
40,4,0.625,0.640625,0.0625,0.078125,1,15,3,0.0040466961708463057
41,4,0.640625,0.65625,0.0625,0.078125,1,15,3,0.0025632188961905718
42,4,0.65625,0.671875,0.0625,0.078125,1,15,3,0.0011751243143777784
43,4,0.671875,0.6875,0.0625,0.078125,0,47,22,0
44,4,0.6875,0.703125,0.0625,0.078125,0,47,22,0
45,4,0.703125,0.71875,0.0625,0.078125,0,47,22,0
46,4,0.71875,0.734375,0.0625,0.078125,0,48,22,0
47,4,0.734375,0.75,0.0625,0.078125,0,46,22,0
48,4,0.75,0.765625,0.0625,0.078125,0,46,22,0
49,4,0.765625,0.78125,0.0625,0.078125,0,46,22,0
50,4,0.78125,0.796875,0.0625,0.078125,0,46,22,0
51,4,0.796875,0.8125,0.0625,0.078125,0,46,22,0
52,4,0.8125,0.828125,0.0625,0.078125,0,46,22,0
53,4,0.828125,0.84375,0.0625,0.078125,0,46,22,0
54,4,0.84375,0.859375,0.0625,0.078125,0,46,22,0
55,4,0.859375,0.875,0.0625,0.078125,0,46,22,0
56,4,0.875,0.890625,0.0625,0.078125,0,46,22,0
57,4,0.890625,0.90625,0.0625,0.078125,0,46,22,0
58,4,0.90625,0.921875,0.0625,0.078125,0,46,22,0
59,4,0.921875,0.9375,0.0625,0.078125,0,48,22,0
60,4,0.9375,0.953125,0.0625,0.078125,0,46,22,0
61,4,0.953125,0.96875,0.0625,0.078125,0,46,22,0
62,4,0.96875,0.984375,0.0625,0.078125,0,46,22,0
63,4,0.984375,1,0.0625,0.078125,0,0,0,0
0,5,0,0.015625,0.078125,0.09375,0,0,0,0
1,5,0.015625,0.03125,0.078125,0.09375,0,20,22,0
2,5,0.03125,0.046875,0.078125,0.09375,0,20,22,0
3,5,0.046875,0.0625,0.078125,0.09375,0,20,22,0
4,5,0.0625,0.078125,0.078125,0.09375,0,20,22,0
5,5,0.078125,0.09375,0.078125,0.09375,0,20,22,0
6,5,0.09375,0.109375,0.078125,0.09375,0,20,22,0
7,5,0.109375,0.125,0.078125,0.09375,0,24,22,0
8,5,0.125,0.140625,0.078125,0.09375,0,27,22,0
9,5,0.140625,0.15625,0.078125,0.09375,0,29,22,0
10,5,0.15625,0.171875,0.078125,0.09375,0,48,22,0
11,5,0.171875,0.1875,0.078125,0.09375,0,44,22,0
12,5,0.1875,0.203125,0.078125,0.09375,0,44,22,0
13,5,0.203125,0.21875,0.078125,0.09375,0,40,22,0
14,5,0.21875,0.234375,0.078125,0.09375,0,40,22,0
15,5,0.234375,0.25,0.078125,0.09375,0,44,22,0
16,5,0.25,0.265625,0.078125,0.09375,0,42,22,0
17,5,0.265625,0.28125,0.078125,0.09375,0,42,22,0
18,5,0.28125,0.296875,0.078125,0.09375,0,52,22,0
19,5,0.296875,0.3125,0.078125,0.09375,1,25,7,2.0338735684383317e-05
20,5,0.3125,0.328125,0.078125,0.09375,1,15,3,0.0011519659063531603
21,5,0.328125,0.34375,0.078125,0.09375,1,15,3,0.0024302096391923627
22,5,0.34375,0.359375,0.078125,0.09375,1,15,3,0.003781750397260334
23,5,0.359375,0.375,0.078125,0.09375,1,15,3,0.0052014416770831363
24,5,0.375,0.390625,0.078125,0.09375,1,15,3,0.0066830020370748219
25,5,0.390625,0.40625,0.078125,0.09375,1,15,3,0.0082198421588271387
26,5,0.40625,0.421875,0.078125,0.09375,1,15,3,0.0098047530312355569
27,5,0.421875,0.4375,0.078125,0.09375,1,15,3,0.011429785892610659
28,5,0.4375,0.453125,0.078125,0.09375,1,15,3,0.01308620516563949
29,5,0.453125,0.46875,0.078125,0.09375,1,15,3,0.014764426801333398
30,5,0.46875,0.484375,0.078125,0.09375,1,15,3,0.016453942615738511
31,5,0.484375,0.5,0.078125,0.09375,1,15,3,0.018143230929911068
32,5,0.5,0.515625,0.078125,0.09375,1,15,3,0.01702998567712917
33,5,0.515625,0.53125,0.078125,0.09375,1,15,3,0.015093552713336426
34,5,0.53125,0.546875,0.078125,0.09375,1,15,3,0.013182828666243504
35,5,0.546875,0.5625,0.078125,0.09375,1,15,3,0.01130902482244236
36,5,0.5625,0.578125,0.078125,0.09375,1,15,3,0.0094823382750431322
37,5,0.578125,0.59375,0.078125,0.09375,1,15,3,0.0077120412836987262
38,5,0.59375,0.609375,0.078125,0.09375,1,15,3,0.0060065569378945803
39,5,0.609375,0.625,0.078125,0.09375,1,15,3,0.00437352081300046
40,5,0.625,0.640625,0.078125,0.09375,1,15,3,0.0028198280353094458
41,5,0.640625,0.65625,0.078125,0.09375,1,15,3,0.0013516648060741281
42,5,0.65625,0.671875,0.078125,0.09375,0,50,22,0
43,5,0.671875,0.6875,0.078125,0.09375,0,47,22,0
44,5,0.6875,0.703125,0.078125,0.09375,0,47,22,0
45,5,0.703125,0.71875,0.078125,0.09375,0,47,22,0
46,5,0.71875,0.734375,0.078125,0.09375,0,50,22,0
47,5,0.734375,0.75,0.078125,0.09375,0,46,22,0
48,5,0.75,0.765625,0.078125,0.09375,0,46,22,0
49,5,0.765625,0.78125,0.078125,0.09375,0,46,22,0
50,5,0.78125,0.796875,0.078125,0.09375,0,46,22,0
51,5,0.796875,0.8125,0.078125,0.09375,0,46,22,0
52,5,0.8125,0.828125,0.078125,0.09375,0,46,22,0
53,5,0.828125,0.84375,0.078125,0.09375,0,46,22,0
54,5,0.84375,0.859375,0.078125,0.09375,0,46,22,0
55,5,0.859375,0.875,0.078125,0.09375,0,46,22,0
56,5,0.875,0.890625,0.078125,0.09375,0,46,22,0
57,5,0.890625,0.90625,0.078125,0.09375,0,46,22,0
58,5,0.90625,0.921875,0.078125,0.09375,0,46,22,0
59,5,0.921875,0.9375,0.078125,0.09375,0,48,22,0
60,5,0.9375,0.953125,0.078125,0.09375,0,46,22,0
61,5,0.953125,0.96875,0.078125,0.09375,0,50,22,0
62,5,0.96875,0.984375,0.078125,0.09375,0,58,22,0
63,5,0.984375,1,0.078125,0.09375,0,0,0,0
0,6,0,0.015625,0.09375,0.109375,0,0,0,0
1,6,0.015625,0.03125,0.09375,0.109375,0,20,22,0
2,6,0.03125,0.046875,0.09375,0.109375,0,20,22,0
3,6,0.046875,0.0625,0.09375,0.109375,0,20,22,0
4,6,0.0625,0.078125,0.09375,0.109375,0,20,22,0
5,6,0.078125,0.09375,0.09375,0.109375,0,20,22,0
6,6,0.09375,0.109375,0.09375,0.109375,0,20,22,0
7,6,0.109375,0.125,0.09375,0.109375,0,24,22,0
8,6,0.125,0.140625,0.09375,0.109375,0,27,22,0
9,6,0.140625,0.15625,0.09375,0.109375,0,29,22,0
10,6,0.15625,0.171875,0.09375,0.109375,0,31,22,0
11,6,0.171875,0.1875,0.09375,0.109375,0,44,22,0
12,6,0.1875,0.203125,0.09375,0.109375,0,44,22,0
13,6,0.203125,0.21875,0.09375,0.109375,0,40,22,0
14,6,0.21875,0.234375,0.09375,0.109375,0,40,22,0
15,6,0.234375,0.25,0.09375,0.109375,0,42,22,0
16,6,0.25,0.265625,0.09375,0.109375,0,42,22,0
17,6,0.265625,0.28125,0.09375,0.109375,0,42,22,0
18,6,0.28125,0.296875,0.09375,0.109375,0,42,22,0
19,6,0.296875,0.3125,0.09375,0.109375,0,56,22,0
20,6,0.3125,0.328125,0.09375,0.109375,1,21,5,0.00016363150875137674
21,6,0.328125,0.34375,0.09375,0.109375,1,15,3,0.00096307525714213634
22,6,0.34375,0.359375,0.09375,0.109375,1,15,3,0.0022972011248906308
23,6,0.359375,0.375,0.09375,0.109375,1,15,3,0.0036934726448013783
24,6,0.375,0.390625,0.09375,0.109375,1,15,3,0.0051464233143307591
25,6,0.390625,0.40625,0.09375,0.109375,1,15,3,0.0066497900709357382
26,6,0.40625,0.421875,0.09375,0.109375,1,15,3,0.0081965144554891674
27,6,0.421875,0.4375,0.09375,0.109375,1,15,3,0.009778722009926322
28,6,0.4375,0.453125,0.09375,0.109375,1,15,3,0.011387682595372676
29,6,0.453125,0.46875,0.09375,0.109375,1,15,3,0.013013753397314918
30,6,0.46875,0.484375,0.09375,0.109375,1,15,3,0.01464630574229788
31,6,0.484375,0.5,0.09375,0.109375,1,15,3,0.016273636382202201
32,6,0.5,0.515625,0.09375,0.109375,1,15,3,0.015277988899860913
33,6,0.515625,0.53125,0.09375,0.109375,1,15,3,0.013396239140655549
34,6,0.53125,0.546875,0.09375,0.109375,1,15,3,0.011534526839893261
35,6,0.546875,0.5625,0.09375,0.109375,1,15,3,0.0097042912593992368
36,6,0.5625,0.578125,0.09375,0.109375,1,15,3,0.0079158956020391556
37,6,0.578125,0.59375,0.09375,0.109375,1,15,3,0.0061787157274413957
38,6,0.59375,0.609375,0.09375,0.109375,1,15,3,0.0045012133353003426
39,6,0.609375,0.625,0.09375,0.109375,1,15,3,0.002890992960205101
40,6,0.625,0.640625,0.09375,0.109375,1,15,3,0.0013548416535118684
41,6,0.640625,0.65625,0.09375,0.109375,0,49,22,0
42,6,0.65625,0.671875,0.09375,0.109375,0,47,22,0
43,6,0.671875,0.6875,0.09375,0.109375,0,47,22,0
44,6,0.6875,0.703125,0.09375,0.109375,0,47,22,0
45,6,0.703125,0.71875,0.09375,0.109375,0,58,22,0
46,6,0.71875,0.734375,0.09375,0.109375,0,46,22,0
47,6,0.734375,0.75,0.09375,0.109375,0,46,22,0
48,6,0.75,0.765625,0.09375,0.109375,0,46,22,0
49,6,0.765625,0.78125,0.09375,0.109375,0,46,22,0
50,6,0.78125,0.796875,0.09375,0.109375,0,46,22,0
51,6,0.796875,0.8125,0.09375,0.109375,0,46,22,0
52,6,0.8125,0.828125,0.09375,0.109375,0,46,22,0
53,6,0.828125,0.84375,0.09375,0.109375,0,46,22,0
54,6,0.84375,0.859375,0.09375,0.109375,0,46,22,0
55,6,0.859375,0.875,0.09375,0.109375,0,46,22,0
56,6,0.875,0.890625,0.09375,0.109375,0,46,22,0
57,6,0.890625,0.90625,0.09375,0.109375,0,46,22,0
58,6,0.90625,0.921875,0.09375,0.109375,0,46,22,0
59,6,0.921875,0.9375,0.09375,0.109375,0,52,22,0
60,6,0.9375,0.953125,0.09375,0.109375,0,46,22,0
61,6,0.953125,0.96875,0.09375,0.109375,0,48,22,0
62,6,0.96875,0.984375,0.09375,0.109375,0,55,22,0
63,6,0.984375,1,0.09375,0.109375,0,0,0,0
0,7,0,0.015625,0.109375,0.125,0,0,0,0
1,7,0.015625,0.03125,0.109375,0.125,0,20,22,0
2,7,0.03125,0.046875,0.109375,0.125,0,20,22,0
3,7,0.046875,0.0625,0.109375,0.125,0,20,22,0
4,7,0.0625,0.078125,0.109375,0.125,0,20,22,0
5,7,0.078125,0.09375,0.109375,0.125,0,20,22,0
6,7,0.09375,0.109375,0.109375,0.125,0,20,22,0
7,7,0.109375,0.125,0.109375,0.125,0,24,22,0
8,7,0.125,0.140625,0.109375,0.125,0,27,22,0
9,7,0.140625,0.15625,0.109375,0.125,0,29,22,0
10,7,0.15625,0.171875,0.109375,0.125,0,31,22,0
11,7,0.171875,0.1875,0.109375,0.125,0,32,22,0
12,7,0.1875,0.203125,0.109375,0.125,0,44,22,0
13,7,0.203125,0.21875,0.109375,0.125,0,44,22,0
14,7,0.21875,0.234375,0.109375,0.125,0,40,22,0
15,7,0.234375,0.25,0.109375,0.125,0,40,22,0
16,7,0.25,0.265625,0.109375,0.125,0,40,22,0
17,7,0.265625,0.28125,0.109375,0.125,0,38,22,0
18,7,0.28125,0.296875,0.109375,0.125,0,42,22,0
19,7,0.296875,0.3125,0.109375,0.125,0,41,22,0
20,7,0.3125,0.328125,0.109375,0.125,0,52,22,0
21,7,0.328125,0.34375,0.109375,0.125,1,21,5,0.00014907636903338731
22,7,0.34375,0.359375,0.109375,0.125,1,15,3,0.00061372642202438949
23,7,0.359375,0.375,0.109375,0.125,1,15,3,0.0019911497244110492
24,7,0.375,0.390625,0.109375,0.125,1,15,3,0.0034178568186753393
25,7,0.390625,0.40625,0.109375,0.125,1,15,3,0.0048879203361168804
26,7,0.40625,0.421875,0.109375,0.125,1,15,3,0.0063944921443369286
27,7,0.421875,0.4375,0.109375,0.125,1,15,3,0.0079298005988250059
28,7,0.4375,0.453125,0.109375,0.125,1,15,3,0.0094851232491381682
29,7,0.453125,0.46875,0.109375,0.125,1,15,3,0.011050738096513546
30,7,0.46875,0.484375,0.109375,0.125,1,15,3,0.012615855420292468
31,7,0.484375,0.5,0.109375,0.125,1,15,3,0.014168531417284939
32,7,0.5,0.515625,0.109375,0.125,1,15,3,0.013265769311887341
33,7,0.515625,0.53125,0.109375,0.125,1,15,3,0.011443502678004985
34,7,0.53125,0.546875,0.109375,0.125,1,15,3,0.0096343306510095466
35,7,0.546875,0.5625,0.109375,0.125,1,15,3,0.0078499367585352347
36,7,0.5625,0.578125,0.109375,0.125,1,15,3,0.0061008490487011379
37,7,0.578125,0.59375,0.109375,0.125,1,15,3,0.0043965264507466002
38,7,0.59375,0.609375,0.109375,0.125,1,15,3,0.0027454269486072015
39,7,0.609375,0.625,0.109375,0.125,1,15,3,0.0011550563233022023
40,7,0.625,0.640625,0.109375,0.125,0,49,22,0
41,7,0.640625,0.65625,0.109375,0.125,0,48,22,0
42,7,0.65625,0.671875,0.109375,0.125,0,47,22,0
43,7,0.671875,0.6875,0.109375,0.125,0,47,22,0
44,7,0.6875,0.703125,0.109375,0.125,0,49,22,0
45,7,0.703125,0.71875,0.109375,0.125,0,48,22,0
46,7,0.71875,0.734375,0.109375,0.125,0,46,22,0
47,7,0.734375,0.75,0.109375,0.125,0,46,22,0
48,7,0.75,0.765625,0.109375,0.125,0,46,22,0
49,7,0.765625,0.78125,0.109375,0.125,0,46,22,0
50,7,0.78125,0.796875,0.109375,0.125,0,46,22,0
51,7,0.796875,0.8125,0.109375,0.125,0,46,22,0
52,7,0.8125,0.828125,0.109375,0.125,0,46,22,0
53,7,0.828125,0.84375,0.109375,0.125,0,46,22,0
54,7,0.84375,0.859375,0.109375,0.125,0,46,22,0
55,7,0.859375,0.875,0.109375,0.125,0,46,22,0
56,7,0.875,0.890625,0.109375,0.125,0,46,22,0
57,7,0.890625,0.90625,0.109375,0.125,0,46,22,0
58,7,0.90625,0.921875,0.109375,0.125,0,46,22,0
59,7,0.921875,0.9375,0.109375,0.125,0,46,22,0
60,7,0.9375,0.953125,0.109375,0.125,0,48,22,0
61,7,0.953125,0.96875,0.109375,0.125,0,64,22,0
62,7,0.96875,0.984375,0.109375,0.125,0,70,22,0
63,7,0.984375,1,0.109375,0.125,0,0,0,0
1,8,0.015625,0.03125,0.125,0.140625,0,20,22,0
2,8,0.03125,0.046875,0.125,0.140625,0,20,22,0
3,8,0.046875,0.0625,0.125,0.140625,0,20,22,0
4,8,0.0625,0.078125,0.125,0.140625,0,20,22,0
5,8,0.078125,0.09375,0.125,0.140625,0,20,22,0
6,8,0.09375,0.109375,0.125,0.140625,0,21,22,0
7,8,0.109375,0.125,0.125,0.140625,0,24,22,0
8,8,0.125,0.140625,0.125,0.140625,0,27,22,0
9,8,0.140625,0.15625,0.125,0.140625,0,29,22,0
10,8,0.15625,0.171875,0.125,0.140625,0,31,22,0
11,8,0.171875,0.1875,0.125,0.140625,0,32,22,0
12,8,0.1875,0.203125,0.125,0.140625,0,33,22,0
13,8,0.203125,0.21875,0.125,0.140625,0,44,22,0
14,8,0.21875,0.234375,0.125,0.140625,0,44,22,0
15,8,0.234375,0.25,0.125,0.140625,0,40,22,0
16,8,0.25,0.265625,0.125,0.140625,0,46,22,0
17,8,0.265625,0.28125,0.125,0.140625,0,42,22,0
18,8,0.28125,0.296875,0.125,0.140625,0,39,22,0
19,8,0.296875,0.3125,0.125,0.140625,0,42,22,0
20,8,0.3125,0.328125,0.125,0.140625,0,57,22,0
21,8,0.328125,0.34375,0.125,0.140625,0,50,22,0
22,8,0.34375,0.359375,0.125,0.140625,1,21,5,8.5195008984903235e-05
23,8,0.359375,0.375,0.125,0.140625,1,15,3,4.4711826354983796e-05
24,8,0.375,0.390625,0.125,0.140625,1,15,3,0.0014501107219090333
25,8,0.390625,0.40625,0.125,0.140625,1,15,3,0.0028899548476788365
26,8,0.40625,0.421875,0.125,0.140625,1,15,3,0.0043577566168496269
27,8,0.421875,0.4375,0.125,0.140625,1,15,3,0.0058459560598013915
28,8,0.4375,0.453125,0.125,0.140625,1,15,3,0.0073459132659478453
29,8,0.453125,0.46875,0.125,0.140625,1,15,3,0.0088478732183181318
30,8,0.46875,0.484375,0.125,0.140625,1,15,3,0.01034090645187947
31,8,0.484375,0.5,0.125,0.140625,1,15,3,0.011812827727933703
32,8,0.5,0.515625,0.125,0.140625,1,15,3,0.011010320394941734
33,8,0.515625,0.53125,0.125,0.140625,1,15,3,0.0092531213718622888
34,8,0.53125,0.546875,0.125,0.140625,1,15,3,0.0075005904187751124
35,8,0.546875,0.5625,0.125,0.140625,1,15,3,0.0057646538958065026
36,8,0.5625,0.578125,0.125,0.140625,1,15,3,0.004055980992433472
37,8,0.578125,0.59375,0.125,0.140625,1,15,3,0.0023840650530872645
38,8,0.59375,0.609375,0.125,0.140625,1,15,3,0.00075728291883058591
39,8,0.609375,0.625,0.125,0.140625,0,50,22,0
40,8,0.625,0.640625,0.125,0.140625,0,48,22,0
41,8,0.640625,0.65625,0.125,0.140625,0,47,22,0
42,8,0.65625,0.671875,0.125,0.140625,0,47,22,0
43,8,0.671875,0.6875,0.125,0.140625,0,47,22,0
44,8,0.6875,0.703125,0.125,0.140625,0,50,22,0
45,8,0.703125,0.71875,0.125,0.140625,0,46,22,0
46,8,0.71875,0.734375,0.125,0.140625,0,46,22,0
47,8,0.734375,0.75,0.125,0.140625,0,46,22,0
48,8,0.75,0.765625,0.125,0.140625,0,46,22,0
49,8,0.765625,0.78125,0.125,0.140625,0,46,22,0
50,8,0.78125,0.796875,0.125,0.140625,0,46,22,0
51,8,0.796875,0.8125,0.125,0.140625,0,46,22,0
52,8,0.8125,0.828125,0.125,0.140625,0,46,22,0
53,8,0.828125,0.84375,0.125,0.140625,0,46,22,0
54,8,0.84375,0.859375,0.125,0.140625,0,46,22,0
55,8,0.859375,0.875,0.125,0.140625,0,46,22,0
56,8,0.875,0.890625,0.125,0.140625,0,46,22,0
57,8,0.890625,0.90625,0.125,0.140625,0,46,22,0
58,8,0.90625,0.921875,0.125,0.140625,0,46,22,0
59,8,0.921875,0.9375,0.125,0.140625,0,54,22,0
60,8,0.9375,0.953125,0.125,0.140625,0,52,22,0
61,8,0.953125,0.96875,0.125,0.140625,0,71,22,0
62,8,0.96875,0.984375,0.125,0.140625,0,68,22,0
1,9,0.015625,0.03125,0.140625,0.15625,0,20,22,0
2,9,0.03125,0.046875,0.140625,0.15625,0,20,22,0
3,9,0.046875,0.0625,0.140625,0.15625,0,20,22,0
4,9,0.0625,0.078125,0.140625,0.15625,0,20,22,0
5,9,0.078125,0.09375,0.140625,0.15625,0,20,22,0
6,9,0.09375,0.109375,0.140625,0.15625,0,21,22,0
7,9,0.109375,0.125,0.140625,0.15625,0,25,22,0
8,9,0.125,0.140625,0.140625,0.15625,0,27,22,0
9,9,0.140625,0.15625,0.140625,0.15625,0,29,22,0
10,9,0.15625,0.171875,0.140625,0.15625,0,31,22,0
11,9,0.171875,0.1875,0.140625,0.15625,0,32,22,0
12,9,0.1875,0.203125,0.140625,0.15625,0,33,22,0
13,9,0.203125,0.21875,0.140625,0.15625,0,54,22,0
14,9,0.21875,0.234375,0.140625,0.15625,0,44,22,0
15,9,0.234375,0.25,0.140625,0.15625,0,44,22,0
16,9,0.25,0.265625,0.140625,0.15625,0,40,22,0
17,9,0.265625,0.28125,0.140625,0.15625,0,41,22,0
18,9,0.28125,0.296875,0.140625,0.15625,0,47,22,0
19,9,0.296875,0.3125,0.140625,0.15625,0,46,22,0
20,9,0.3125,0.328125,0.140625,0.15625,0,42,22,0
21,9,0.328125,0.34375,0.140625,0.15625,0,53,22,0
22,9,0.34375,0.359375,0.140625,0.15625,0,51,22,0
23,9,0.359375,0.375,0.140625,0.15625,1,27,7,1.4026689209588857e-05
24,9,0.375,0.390625,0.140625,0.15625,1,21,5,0.00034116121915793955
25,9,0.390625,0.40625,0.140625,0.15625,1,15,3,0.0005981456722466415
26,9,0.40625,0.421875,0.140625,0.15625,1,15,3,0.0020301860116492608
27,9,0.421875,0.4375,0.140625,0.15625,1,15,3,0.0034723233359022563
28,9,0.4375,0.453125,0.140625,0.15625,1,15,3,0.004916115782818367
29,9,0.453125,0.46875,0.140625,0.15625,1,15,3,0.0063518530551679329
30,9,0.46875,0.484375,0.140625,0.15625,1,15,3,0.007768511502319434
31,9,0.484375,0.5,0.140625,0.15625,1,15,3,0.0091536818350922717
32,9,0.5,0.515625,0.140625,0.15625,1,15,3,0.0084610363907320473
33,9,0.515625,0.53125,0.140625,0.15625,1,15,3,0.0067746732887022888
34,9,0.53125,0.546875,0.140625,0.15625,1,15,3,0.0050828447966355305
35,9,0.546875,0.5625,0.140625,0.15625,1,15,3,0.0033977027221241854
36,9,0.5625,0.578125,0.140625,0.15625,1,15,3,0.0017300118372280298
37,9,0.578125,0.59375,0.140625,0.15625,1,15,3,8.9222163620811243e-05
38,9,0.59375,0.609375,0.140625,0.15625,1,25,6,1.7185101168618692e-05
39,9,0.609375,0.625,0.140625,0.15625,0,50,22,0
40,9,0.625,0.640625,0.140625,0.15625,0,49,22,0
41,9,0.640625,0.65625,0.140625,0.15625,0,47,22,0
42,9,0.65625,0.671875,0.140625,0.15625,0,47,22,0
43,9,0.671875,0.6875,0.140625,0.15625,0,49,22,0
44,9,0.6875,0.703125,0.140625,0.15625,0,48,22,0
45,9,0.703125,0.71875,0.140625,0.15625,0,46,22,0
46,9,0.71875,0.734375,0.140625,0.15625,0,46,22,0
47,9,0.734375,0.75,0.140625,0.15625,0,46,22,0
48,9,0.75,0.765625,0.140625,0.15625,0,46,22,0
49,9,0.765625,0.78125,0.140625,0.15625,0,46,22,0
50,9,0.78125,0.796875,0.140625,0.15625,0,46,22,0
51,9,0.796875,0.8125,0.140625,0.15625,0,46,22,0
52,9,0.8125,0.828125,0.140625,0.15625,0,46,22,0
53,9,0.828125,0.84375,0.140625,0.15625,0,46,22,0
54,9,0.84375,0.859375,0.140625,0.15625,0,46,22,0
55,9,0.859375,0.875,0.140625,0.15625,0,46,22,0
56,9,0.875,0.890625,0.140625,0.15625,0,46,22,0
57,9,0.890625,0.90625,0.140625,0.15625,0,46,22,0
58,9,0.90625,0.921875,0.140625,0.15625,0,46,22,0
59,9,0.921875,0.9375,0.140625,0.15625,0,48,22,0
60,9,0.9375,0.953125,0.140625,0.15625,0,52,22,0
61,9,0.953125,0.96875,0.140625,0.15625,0,65,22,0
62,9,0.96875,0.984375,0.140625,0.15625,0,61,22,0
1,10,0.015625,0.03125,0.15625,0.171875,0,20,22,0
2,10,0.03125,0.046875,0.15625,0.171875,0,20,22,0
3,10,0.046875,0.0625,0.15625,0.171875,0,20,22,0
4,10,0.0625,0.078125,0.15625,0.171875,0,20,22,0
5,10,0.078125,0.09375,0.15625,0.171875,0,20,22,0
6,10,0.09375,0.109375,0.15625,0.171875,0,21,22,0
7,10,0.109375,0.125,0.15625,0.171875,0,25,22,0
8,10,0.125,0.140625,0.15625,0.171875,0,27,22,0
9,10,0.140625,0.15625,0.15625,0.171875,0,29,22,0
10,10,0.15625,0.171875,0.15625,0.171875,0,31,22,0
11,10,0.171875,0.1875,0.15625,0.171875,0,32,22,0
12,10,0.1875,0.203125,0.15625,0.171875,0,33,22,0
13,10,0.203125,0.21875,0.15625,0.171875,0,34,22,0
14,10,0.21875,0.234375,0.15625,0.171875,0,52,22,0
15,10,0.234375,0.25,0.15625,0.171875,0,44,22,0
16,10,0.25,0.265625,0.15625,0.171875,0,44,22,0
17,10,0.265625,0.28125,0.15625,0.171875,0,44,22,0
18,10,0.28125,0.296875,0.15625,0.171875,0,41,22,0
19,10,0.296875,0.3125,0.15625,0.171875,0,47,22,0
20,10,0.3125,0.328125,0.15625,0.171875,0,42,22,0
21,10,0.328125,0.34375,0.15625,0.171875,0,61,22,0
22,10,0.34375,0.359375,0.15625,0.171875,0,53,22,0
23,10,0.359375,0.375,0.15625,0.171875,0,51,22,0
24,10,0.375,0.390625,0.15625,0.171875,1,29,7,1.8002436642965741e-06
25,10,0.390625,0.40625,0.15625,0.171875,1,21,5,0.00010272663225164689
26,10,0.40625,0.421875,0.15625,0.171875,1,21,5,0.00051723978180130724
27,10,0.421875,0.4375,0.15625,0.171875,1,15,3,0.00074124197525356542
28,10,0.4375,0.453125,0.15625,0.171875,1,15,3,0.0021293621348283938
29,10,0.453125,0.46875,0.15625,0.171875,1,15,3,0.0034972233535657741
30,10,0.46875,0.484375,0.15625,0.171875,1,15,3,0.0048337863889510056
31,10,0.484375,0.5,0.15625,0.171875,1,15,3,0.0061264604240618579
32,10,0.5,0.515625,0.15625,0.171875,1,15,3,0.0055534957149260189
33,10,0.515625,0.53125,0.15625,0.171875,1,15,3,0.0039434873732142007
34,10,0.53125,0.546875,0.15625,0.171875,1,15,3,0.0023158540554279283
35,10,0.546875,0.5625,0.15625,0.171875,1,15,3,0.00068293049388522601
36,10,0.5625,0.578125,0.15625,0.171875,1,23,5,0.00099987385064036227
37,10,0.578125,0.59375,0.15625,0.171875,1,25,6,6.4675092464605986e-05
38,10,0.59375,0.609375,0.15625,0.171875,0,50,22,0
39,10,0.609375,0.625,0.15625,0.171875,0,48,22,0
40,10,0.625,0.640625,0.15625,0.171875,0,47,22,0
41,10,0.640625,0.65625,0.15625,0.171875,0,47,22,0
42,10,0.65625,0.671875,0.15625,0.171875,0,49,22,0
43,10,0.671875,0.6875,0.15625,0.171875,0,47,22,0
44,10,0.6875,0.703125,0.15625,0.171875,0,46,22,0
45,10,0.703125,0.71875,0.15625,0.171875,0,46,22,0
46,10,0.71875,0.734375,0.15625,0.171875,0,46,22,0
47,10,0.734375,0.75,0.15625,0.171875,0,46,22,0
48,10,0.75,0.765625,0.15625,0.171875,0,46,22,0
49,10,0.765625,0.78125,0.15625,0.171875,0,46,22,0
50,10,0.78125,0.796875,0.15625,0.171875,0,46,22,0
51,10,0.796875,0.8125,0.15625,0.171875,0,46,22,0
52,10,0.8125,0.828125,0.15625,0.171875,0,46,22,0
53,10,0.828125,0.84375,0.15625,0.171875,0,46,22,0
54,10,0.84375,0.859375,0.15625,0.171875,0,46,22,0
55,10,0.859375,0.875,0.15625,0.171875,0,46,22,0
56,10,0.875,0.890625,0.15625,0.171875,0,46,22,0
57,10,0.890625,0.90625,0.15625,0.171875,0,46,22,0
58,10,0.90625,0.921875,0.15625,0.171875,0,48,22,0
59,10,0.921875,0.9375,0.15625,0.171875,0,48,22,0
60,10,0.9375,0.953125,0.15625,0.171875,0,57,22,0
61,10,0.953125,0.96875,0.15625,0.171875,0,66,22,0
62,10,0.96875,0.984375,0.15625,0.171875,0,69,22,0
1,11,0.015625,0.03125,0.171875,0.1875,0,0,0,0
2,11,0.03125,0.046875,0.171875,0.1875,0,20,22,0
3,11,0.046875,0.0625,0.171875,0.1875,0,20,22,0
4,11,0.0625,0.078125,0.171875,0.1875,0,20,22,0
5,11,0.078125,0.09375,0.171875,0.1875,0,20,22,0
6,11,0.09375,0.109375,0.171875,0.1875,0,21,22,0
7,11,0.109375,0.125,0.171875,0.1875,0,25,22,0
8,11,0.125,0.140625,0.171875,0.1875,0,27,22,0
9,11,0.140625,0.15625,0.171875,0.1875,0,30,22,0
10,11,0.15625,0.171875,0.171875,0.1875,0,31,22,0
11,11,0.171875,0.1875,0.171875,0.1875,0,32,22,0
12,11,0.1875,0.203125,0.171875,0.1875,0,33,22,0
13,11,0.203125,0.21875,0.171875,0.1875,0,34,22,0
14,11,0.21875,0.234375,0.171875,0.1875,0,35,22,0
15,11,0.234375,0.25,0.171875,0.1875,0,50,22,0
16,11,0.25,0.265625,0.171875,0.1875,0,44,22,0
17,11,0.265625,0.28125,0.171875,0.1875,0,44,22,0
18,11,0.28125,0.296875,0.171875,0.1875,0,45,22,0
19,11,0.296875,0.3125,0.171875,0.1875,0,47,22,0
20,11,0.3125,0.328125,0.171875,0.1875,0,40,22,0
21,11,0.328125,0.34375,0.171875,0.1875,0,58,22,0
22,11,0.34375,0.359375,0.171875,0.1875,0,67,22,0
23,11,0.359375,0.375,0.171875,0.1875,0,57,22,0
24,11,0.375,0.390625,0.171875,0.1875,0,54,22,0
25,11,0.390625,0.40625,0.171875,0.1875,0,54,22,0
26,11,0.40625,0.421875,0.171875,0.1875,1,25,6,0.00017449069736013621
27,11,0.421875,0.4375,0.171875,0.1875,1,21,5,9.1226503970985831e-05
28,11,0.4375,0.453125,0.171875,0.1875,1,21,5,0.00047080030662543024
29,11,0.453125,0.46875,0.171875,0.1875,1,15,3,0.00020382586404078804
30,11,0.46875,0.484375,0.171875,0.1875,1,15,3,0.0014574406294926079
31,11,0.484375,0.5,0.171875,0.1875,1,15,3,0.0026523406847313367
32,11,0.5,0.515625,0.171875,0.1875,1,15,3,0.00220908589079527
33,11,0.515625,0.53125,0.171875,0.1875,1,15,3,0.00068048487348294068
34,11,0.53125,0.546875,0.171875,0.1875,1,21,5,4.9090049523837179e-05
35,11,0.546875,0.5625,0.171875,0.1875,1,23,5,0.0011810815683705167
36,11,0.5625,0.578125,0.171875,0.1875,1,23,5,0.00049079564468280143
37,11,0.578125,0.59375,0.171875,0.1875,0,50,22,0
38,11,0.59375,0.609375,0.171875,0.1875,0,48,22,0
39,11,0.609375,0.625,0.171875,0.1875,0,48,22,0
40,11,0.625,0.640625,0.171875,0.1875,0,47,22,0
41,11,0.640625,0.65625,0.171875,0.1875,0,49,22,0
42,11,0.65625,0.671875,0.171875,0.1875,0,50,22,0
43,11,0.671875,0.6875,0.171875,0.1875,0,47,22,0
44,11,0.6875,0.703125,0.171875,0.1875,0,46,22,0
45,11,0.703125,0.71875,0.171875,0.1875,0,46,22,0
46,11,0.71875,0.734375,0.171875,0.1875,0,46,22,0
47,11,0.734375,0.75,0.171875,0.1875,0,46,22,0
48,11,0.75,0.765625,0.171875,0.1875,0,46,22,0
49,11,0.765625,0.78125,0.171875,0.1875,0,46,22,0
50,11,0.78125,0.796875,0.171875,0.1875,0,46,22,0
51,11,0.796875,0.8125,0.171875,0.1875,0,46,22,0
52,11,0.8125,0.828125,0.171875,0.1875,0,46,22,0
53,11,0.828125,0.84375,0.171875,0.1875,0,46,22,0
54,11,0.84375,0.859375,0.171875,0.1875,0,46,22,0
55,11,0.859375,0.875,0.171875,0.1875,0,46,22,0
56,11,0.875,0.890625,0.171875,0.1875,0,46,22,0
57,11,0.890625,0.90625,0.171875,0.1875,0,46,22,0
58,11,0.90625,0.921875,0.171875,0.1875,0,46,22,0
59,11,0.921875,0.9375,0.171875,0.1875,0,59,22,0
60,11,0.9375,0.953125,0.171875,0.1875,0,63,22,0
61,11,0.953125,0.96875,0.171875,0.1875,0,60,22,0
62,11,0.96875,0.984375,0.171875,0.1875,0,0,0,0
2,12,0.03125,0.046875,0.1875,0.203125,0,20,22,0
3,12,0.046875,0.0625,0.1875,0.203125,0,20,22,0
4,12,0.0625,0.078125,0.1875,0.203125,0,20,22,0
5,12,0.078125,0.09375,0.1875,0.203125,0,20,22,0
6,12,0.09375,0.109375,0.1875,0.203125,0,21,22,0
7,12,0.109375,0.125,0.1875,0.203125,0,25,22,0
8,12,0.125,0.140625,0.1875,0.203125,0,27,22,0
9,12,0.140625,0.15625,0.1875,0.203125,0,30,22,0
10,12,0.15625,0.171875,0.1875,0.203125,0,31,22,0
11,12,0.171875,0.1875,0.1875,0.203125,0,32,22,0
12,12,0.1875,0.203125,0.1875,0.203125,0,33,22,0
13,12,0.203125,0.21875,0.1875,0.203125,0,34,22,0
14,12,0.21875,0.234375,0.1875,0.203125,0,35,22,0
15,12,0.234375,0.25,0.1875,0.203125,0,41,22,0
16,12,0.25,0.265625,0.1875,0.203125,0,50,22,0
17,12,0.265625,0.28125,0.1875,0.203125,0,44,22,0
18,12,0.28125,0.296875,0.1875,0.203125,0,44,22,0
19,12,0.296875,0.3125,0.1875,0.203125,0,45,22,0
20,12,0.3125,0.328125,0.1875,0.203125,0,48,22,0
21,12,0.328125,0.34375,0.1875,0.203125,0,39,22,0
22,12,0.34375,0.359375,0.1875,0.203125,0,59,22,0
23,12,0.359375,0.375,0.1875,0.203125,0,67,22,0
24,12,0.375,0.390625,0.1875,0.203125,0,60,22,0
25,12,0.390625,0.40625,0.1875,0.203125,0,58,22,0
26,12,0.40625,0.421875,0.1875,0.203125,0,58,22,0
27,12,0.421875,0.4375,0.1875,0.203125,1,31,5,0.0006655889459024313
28,12,0.4375,0.453125,0.1875,0.203125,1,29,5,0.00059483131375924817
29,12,0.453125,0.46875,0.1875,0.203125,1,29,5,0.0018798259458830582
30,12,0.46875,0.484375,0.1875,0.203125,1,29,5,0.0025220497531787673
31,12,0.484375,0.5,0.1875,0.203125,1,27,5,0.00021667583760380871
32,12,0.5,0.515625,0.1875,0.203125,1,29,5,0.003049756313097778
33,12,0.515625,0.53125,0.1875,0.203125,1,29,5,0.0021732514670569354
34,12,0.53125,0.546875,0.1875,0.203125,1,29,5,0.0013508601671233941
35,12,0.546875,0.5625,0.1875,0.203125,1,29,5,0.00036410262714930795
36,12,0.5625,0.578125,0.1875,0.203125,0,50,22,0
37,12,0.578125,0.59375,0.1875,0.203125,0,49,22,0
38,12,0.59375,0.609375,0.1875,0.203125,0,48,22,0
39,12,0.609375,0.625,0.1875,0.203125,0,50,22,0
40,12,0.625,0.640625,0.1875,0.203125,0,49,22,0
41,12,0.640625,0.65625,0.1875,0.203125,0,48,22,0
42,12,0.65625,0.671875,0.1875,0.203125,0,47,22,0
43,12,0.671875,0.6875,0.1875,0.203125,0,47,22,0
44,12,0.6875,0.703125,0.1875,0.203125,0,46,22,0
45,12,0.703125,0.71875,0.1875,0.203125,0,46,22,0
46,12,0.71875,0.734375,0.1875,0.203125,0,46,22,0
47,12,0.734375,0.75,0.1875,0.203125,0,46,22,0
48,12,0.75,0.765625,0.1875,0.203125,0,46,22,0
49,12,0.765625,0.78125,0.1875,0.203125,0,46,22,0
50,12,0.78125,0.796875,0.1875,0.203125,0,46,22,0
51,12,0.796875,0.8125,0.1875,0.203125,0,46,22,0
52,12,0.8125,0.828125,0.1875,0.203125,0,46,22,0
53,12,0.828125,0.84375,0.1875,0.203125,0,46,22,0
54,12,0.84375,0.859375,0.1875,0.203125,0,46,22,0
55,12,0.859375,0.875,0.1875,0.203125,0,46,22,0
56,12,0.875,0.890625,0.1875,0.203125,0,46,22,0
57,12,0.890625,0.90625,0.1875,0.203125,0,46,22,0
58,12,0.90625,0.921875,0.1875,0.203125,0,58,22,0
59,12,0.921875,0.9375,0.1875,0.203125,0,63,22,0
60,12,0.9375,0.953125,0.1875,0.203125,0,52,22,0
61,12,0.953125,0.96875,0.1875,0.203125,0,63,22,0
2,13,0.03125,0.046875,0.203125,0.21875,0,20,22,0
3,13,0.046875,0.0625,0.203125,0.21875,0,20,22,0
4,13,0.0625,0.078125,0.203125,0.21875,0,20,22,0
5,13,0.078125,0.09375,0.203125,0.21875,0,20,22,0
6,13,0.09375,0.109375,0.203125,0.21875,0,20,22,0
7,13,0.109375,0.125,0.203125,0.21875,0,25,22,0
8,13,0.125,0.140625,0.203125,0.21875,0,27,22,0
9,13,0.140625,0.15625,0.203125,0.21875,0,30,22,0
10,13,0.15625,0.171875,0.203125,0.21875,0,31,22,0
11,13,0.171875,0.1875,0.203125,0.21875,0,32,22,0
12,13,0.1875,0.203125,0.203125,0.21875,0,33,22,0
13,13,0.203125,0.21875,0.203125,0.21875,0,34,22,0
14,13,0.21875,0.234375,0.203125,0.21875,0,35,22,0
15,13,0.234375,0.25,0.203125,0.21875,0,36,22,0
16,13,0.25,0.265625,0.203125,0.21875,0,34,22,0
17,13,0.265625,0.28125,0.203125,0.21875,0,50,22,0
18,13,0.28125,0.296875,0.203125,0.21875,0,44,22,0
19,13,0.296875,0.3125,0.203125,0.21875,0,45,22,0
20,13,0.3125,0.328125,0.203125,0.21875,0,46,22,0
21,13,0.328125,0.34375,0.203125,0.21875,0,48,22,0
22,13,0.34375,0.359375,0.203125,0.21875,0,40,22,0
23,13,0.359375,0.375,0.203125,0.21875,0,59,22,0
24,13,0.375,0.390625,0.203125,0.21875,0,66,22,0
25,13,0.390625,0.40625,0.203125,0.21875,0,60,22,0
26,13,0.40625,0.421875,0.203125,0.21875,0,58,22,0
27,13,0.421875,0.4375,0.203125,0.21875,0,62,22,0
28,13,0.4375,0.453125,0.203125,0.21875,1,31,5,0.00053742671194912208
29,13,0.453125,0.46875,0.203125,0.21875,1,31,5,0.0011610129591594789
30,13,0.46875,0.484375,0.203125,0.21875,1,29,5,0.001808267835892033
31,13,0.484375,0.5,0.203125,0.21875,1,29,5,0.0019164003562208412
32,13,0.5,0.515625,0.203125,0.21875,1,29,5,0.0019111843282996596
33,13,0.515625,0.53125,0.203125,0.21875,1,29,5,0.0014714070132809136
34,13,0.53125,0.546875,0.203125,0.21875,1,29,5,0.00012619563823367157
35,13,0.546875,0.5625,0.203125,0.21875,0,50,22,0
36,13,0.5625,0.578125,0.203125,0.21875,0,48,22,0
37,13,0.578125,0.59375,0.203125,0.21875,0,50,22,0
38,13,0.59375,0.609375,0.203125,0.21875,0,50,22,0
39,13,0.609375,0.625,0.203125,0.21875,0,50,22,0
40,13,0.625,0.640625,0.203125,0.21875,0,48,22,0
41,13,0.640625,0.65625,0.203125,0.21875,0,47,22,0
42,13,0.65625,0.671875,0.203125,0.21875,0,47,22,0
43,13,0.671875,0.6875,0.203125,0.21875,0,47,22,0
44,13,0.6875,0.703125,0.203125,0.21875,0,46,22,0
45,13,0.703125,0.71875,0.203125,0.21875,0,46,22,0
46,13,0.71875,0.734375,0.203125,0.21875,0,46,22,0
47,13,0.734375,0.75,0.203125,0.21875,0,46,22,0
48,13,0.75,0.765625,0.203125,0.21875,0,46,22,0
49,13,0.765625,0.78125,0.203125,0.21875,0,46,22,0
50,13,0.78125,0.796875,0.203125,0.21875,0,46,22,0
51,13,0.796875,0.8125,0.203125,0.21875,0,46,22,0
52,13,0.8125,0.828125,0.203125,0.21875,0,46,22,0
53,13,0.828125,0.84375,0.203125,0.21875,0,46,22,0
54,13,0.84375,0.859375,0.203125,0.21875,0,46,22,0
55,13,0.859375,0.875,0.203125,0.21875,0,46,22,0
56,13,0.875,0.890625,0.203125,0.21875,0,54,22,0
57,13,0.890625,0.90625,0.203125,0.21875,0,52,22,0
58,13,0.90625,0.921875,0.203125,0.21875,0,63,22,0
59,13,0.921875,0.9375,0.203125,0.21875,0,58,22,0
60,13,0.9375,0.953125,0.203125,0.21875,0,60,22,0
61,13,0.953125,0.96875,0.203125,0.21875,0,67,22,0
3,14,0.046875,0.0625,0.21875,0.234375,0,20,22,0
4,14,0.0625,0.078125,0.21875,0.234375,0,20,22,0
5,14,0.078125,0.09375,0.21875,0.234375,0,20,22,0
6,14,0.09375,0.109375,0.21875,0.234375,0,20,22,0
7,14,0.109375,0.125,0.21875,0.234375,0,24,22,0
8,14,0.125,0.140625,0.21875,0.234375,0,27,22,0
9,14,0.140625,0.15625,0.21875,0.234375,0,30,22,0
10,14,0.15625,0.171875,0.21875,0.234375,0,31,22,0
11,14,0.171875,0.1875,0.21875,0.234375,0,32,22,0
12,14,0.1875,0.203125,0.21875,0.234375,0,34,22,0
13,14,0.203125,0.21875,0.21875,0.234375,0,34,22,0
14,14,0.21875,0.234375,0.21875,0.234375,0,35,22,0
15,14,0.234375,0.25,0.21875,0.234375,0,36,22,0
16,14,0.25,0.265625,0.21875,0.234375,0,36,22,0
17,14,0.265625,0.28125,0.21875,0.234375,0,37,22,0
18,14,0.28125,0.296875,0.21875,0.234375,0,50,22,0
19,14,0.296875,0.3125,0.21875,0.234375,0,48,22,0
20,14,0.3125,0.328125,0.21875,0.234375,0,46,22,0
21,14,0.328125,0.34375,0.21875,0.234375,0,50,22,0
22,14,0.34375,0.359375,0.21875,0.234375,0,42,22,0
23,14,0.359375,0.375,0.21875,0.234375,0,61,22,0
24,14,0.375,0.390625,0.21875,0.234375,0,60,22,0
25,14,0.390625,0.40625,0.21875,0.234375,0,60,22,0
26,14,0.40625,0.421875,0.21875,0.234375,0,68,22,0
27,14,0.421875,0.4375,0.21875,0.234375,0,61,22,0
28,14,0.4375,0.453125,0.21875,0.234375,0,62,22,0
29,14,0.453125,0.46875,0.21875,0.234375,1,31,5,0.00031361746409475343
30,14,0.46875,0.484375,0.21875,0.234375,1,31,5,0.00025253262545441539
31,14,0.484375,0.5,0.21875,0.234375,1,31,5,0.00095252892729470382
32,14,0.5,0.515625,0.21875,0.234375,1,31,5,0.00034511697958846532
33,14,0.515625,0.53125,0.21875,0.234375,1,31,5,0.0001874084396577078
34,14,0.53125,0.546875,0.21875,0.234375,0,50,22,0
35,14,0.546875,0.5625,0.21875,0.234375,0,48,22,0
36,14,0.5625,0.578125,0.21875,0.234375,0,48,22,0
37,14,0.578125,0.59375,0.21875,0.234375,0,50,22,0
38,14,0.59375,0.609375,0.21875,0.234375,0,50,22,0
39,14,0.609375,0.625,0.21875,0.234375,0,48,22,0
40,14,0.625,0.640625,0.21875,0.234375,0,47,22,0
41,14,0.640625,0.65625,0.21875,0.234375,0,47,22,0
42,14,0.65625,0.671875,0.21875,0.234375,0,47,22,0
43,14,0.671875,0.6875,0.21875,0.234375,0,47,22,0
44,14,0.6875,0.703125,0.21875,0.234375,0,46,22,0
45,14,0.703125,0.71875,0.21875,0.234375,0,46,22,0
46,14,0.71875,0.734375,0.21875,0.234375,0,46,22,0
47,14,0.734375,0.75,0.21875,0.234375,0,46,22,0
48,14,0.75,0.765625,0.21875,0.234375,0,46,22,0
49,14,0.765625,0.78125,0.21875,0.234375,0,46,22,0
50,14,0.78125,0.796875,0.21875,0.234375,0,46,22,0
51,14,0.796875,0.8125,0.21875,0.234375,0,46,22,0
52,14,0.8125,0.828125,0.21875,0.234375,0,46,22,0
53,14,0.828125,0.84375,0.21875,0.234375,0,46,22,0
54,14,0.84375,0.859375,0.21875,0.234375,0,50,22,0
55,14,0.859375,0.875,0.21875,0.234375,0,54,22,0
56,14,0.875,0.890625,0.21875,0.234375,0,48,22,0
57,14,0.890625,0.90625,0.21875,0.234375,0,59,22,0
58,14,0.90625,0.921875,0.21875,0.234375,0,61,22,0
59,14,0.921875,0.9375,0.21875,0.234375,0,62,22,0
60,14,0.9375,0.953125,0.21875,0.234375,0,64,22,0
3,15,0.046875,0.0625,0.234375,0.25,0,20,22,0
4,15,0.0625,0.078125,0.234375,0.25,0,20,22,0
5,15,0.078125,0.09375,0.234375,0.25,0,20,22,0
6,15,0.09375,0.109375,0.234375,0.25,0,20,22,0
7,15,0.109375,0.125,0.234375,0.25,0,24,22,0
8,15,0.125,0.140625,0.234375,0.25,0,27,22,0
9,15,0.140625,0.15625,0.234375,0.25,0,29,22,0
10,15,0.15625,0.171875,0.234375,0.25,0,31,22,0
11,15,0.171875,0.1875,0.234375,0.25,0,32,22,0
12,15,0.1875,0.203125,0.234375,0.25,0,34,22,0
13,15,0.203125,0.21875,0.234375,0.25,0,34,22,0
14,15,0.21875,0.234375,0.234375,0.25,0,35,22,0
15,15,0.234375,0.25,0.234375,0.25,0,36,22,0
16,15,0.25,0.265625,0.234375,0.25,0,36,22,0
17,15,0.265625,0.28125,0.234375,0.25,0,37,22,0
18,15,0.28125,0.296875,0.234375,0.25,0,38,22,0
19,15,0.296875,0.3125,0.234375,0.25,0,50,22,0
20,15,0.3125,0.328125,0.234375,0.25,0,46,22,0
21,15,0.328125,0.34375,0.234375,0.25,0,46,22,0
22,15,0.34375,0.359375,0.234375,0.25,0,54,22,0
23,15,0.359375,0.375,0.234375,0.25,0,50,22,0
24,15,0.375,0.390625,0.234375,0.25,0,66,22,0
25,15,0.390625,0.40625,0.234375,0.25,0,64,22,0
26,15,0.40625,0.421875,0.234375,0.25,0,60,22,0
27,15,0.421875,0.4375,0.234375,0.25,0,63,22,0
28,15,0.4375,0.453125,0.234375,0.25,0,71,22,0
29,15,0.453125,0.46875,0.234375,0.25,0,66,22,0
30,15,0.46875,0.484375,0.234375,0.25,0,68,22,0
31,15,0.484375,0.5,0.234375,0.25,1,37,5,0.00045502539870060846
32,15,0.5,0.515625,0.234375,0.25,0,53,22,0
33,15,0.515625,0.53125,0.234375,0.25,0,50,22,0
34,15,0.53125,0.546875,0.234375,0.25,0,49,22,0
35,15,0.546875,0.5625,0.234375,0.25,0,48,22,0
36,15,0.5625,0.578125,0.234375,0.25,0,49,22,0
37,15,0.578125,0.59375,0.234375,0.25,0,49,22,0
38,15,0.59375,0.609375,0.234375,0.25,0,48,22,0
39,15,0.609375,0.625,0.234375,0.25,0,47,22,0
40,15,0.625,0.640625,0.234375,0.25,0,47,22,0
41,15,0.640625,0.65625,0.234375,0.25,0,47,22,0
42,15,0.65625,0.671875,0.234375,0.25,0,47,22,0
43,15,0.671875,0.6875,0.234375,0.25,0,47,22,0
44,15,0.6875,0.703125,0.234375,0.25,0,46,22,0
45,15,0.703125,0.71875,0.234375,0.25,0,46,22,0
46,15,0.71875,0.734375,0.234375,0.25,0,46,22,0
47,15,0.734375,0.75,0.234375,0.25,0,46,22,0
48,15,0.75,0.765625,0.234375,0.25,0,46,22,0
49,15,0.765625,0.78125,0.234375,0.25,0,46,22,0
50,15,0.78125,0.796875,0.234375,0.25,0,46,22,0
51,15,0.796875,0.8125,0.234375,0.25,0,46,22,0
52,15,0.8125,0.828125,0.234375,0.25,0,52,22,0
53,15,0.828125,0.84375,0.234375,0.25,0,52,22,0
54,15,0.84375,0.859375,0.234375,0.25,0,52,22,0
55,15,0.859375,0.875,0.234375,0.25,0,52,22,0
56,15,0.875,0.890625,0.234375,0.25,0,57,22,0
57,15,0.890625,0.90625,0.234375,0.25,0,61,22,0
58,15,0.90625,0.921875,0.234375,0.25,0,60,22,0
59,15,0.921875,0.9375,0.234375,0.25,0,60,22,0
60,15,0.9375,0.953125,0.234375,0.25,0,69,22,0
4,16,0.0625,0.078125,0.25,0.265625,0,20,22,0
5,16,0.078125,0.09375,0.25,0.265625,0,20,22,0
6,16,0.09375,0.109375,0.25,0.265625,0,20,22,0
7,16,0.109375,0.125,0.25,0.265625,0,24,22,0
8,16,0.125,0.140625,0.25,0.265625,0,27,22,0
9,16,0.140625,0.15625,0.25,0.265625,0,29,22,0
10,16,0.15625,0.171875,0.25,0.265625,0,31,22,0
11,16,0.171875,0.1875,0.25,0.265625,0,32,22,0
12,16,0.1875,0.203125,0.25,0.265625,0,34,22,0
13,16,0.203125,0.21875,0.25,0.265625,0,34,22,0
14,16,0.21875,0.234375,0.25,0.265625,0,35,22,0
15,16,0.234375,0.25,0.25,0.265625,0,36,22,0
16,16,0.25,0.265625,0.25,0.265625,0,36,22,0
17,16,0.265625,0.28125,0.25,0.265625,0,37,22,0
18,16,0.28125,0.296875,0.25,0.265625,0,37,22,0
19,16,0.296875,0.3125,0.25,0.265625,0,38,22,0
20,16,0.3125,0.328125,0.25,0.265625,0,54,22,0
21,16,0.328125,0.34375,0.25,0.265625,0,46,22,0
22,16,0.34375,0.359375,0.25,0.265625,0,52,22,0
23,16,0.359375,0.375,0.25,0.265625,0,52,22,0
24,16,0.375,0.390625,0.25,0.265625,0,45,22,0
25,16,0.390625,0.40625,0.25,0.265625,0,74,22,0
26,16,0.40625,0.421875,0.25,0.265625,0,70,22,0
27,16,0.421875,0.4375,0.25,0.265625,0,71,22,0
28,16,0.4375,0.453125,0.25,0.265625,0,71,22,0
29,16,0.453125,0.46875,0.25,0.265625,0,71,22,0
30,16,0.46875,0.484375,0.25,0.265625,0,80,22,0
31,16,0.484375,0.5,0.25,0.265625,0,49,22,0
32,16,0.5,0.515625,0.25,0.265625,0,49,22,0
33,16,0.515625,0.53125,0.25,0.265625,0,49,22,0
34,16,0.53125,0.546875,0.25,0.265625,0,49,22,0
35,16,0.546875,0.5625,0.25,0.265625,0,49,22,0
36,16,0.5625,0.578125,0.25,0.265625,0,49,22,0
37,16,0.578125,0.59375,0.25,0.265625,0,47,22,0
38,16,0.59375,0.609375,0.25,0.265625,0,47,22,0
39,16,0.609375,0.625,0.25,0.265625,0,47,22,0
40,16,0.625,0.640625,0.25,0.265625,0,47,22,0
41,16,0.640625,0.65625,0.25,0.265625,0,47,22,0
42,16,0.65625,0.671875,0.25,0.265625,0,47,22,0
43,16,0.671875,0.6875,0.25,0.265625,0,47,22,0
44,16,0.6875,0.703125,0.25,0.265625,0,46,22,0
45,16,0.703125,0.71875,0.25,0.265625,0,46,22,0
46,16,0.71875,0.734375,0.25,0.265625,0,46,22,0
47,16,0.734375,0.75,0.25,0.265625,0,46,22,0
48,16,0.75,0.765625,0.25,0.265625,0,46,22,0
49,16,0.765625,0.78125,0.25,0.265625,0,46,22,0
50,16,0.78125,0.796875,0.25,0.265625,0,48,22,0
51,16,0.796875,0.8125,0.25,0.265625,0,56,22,0
52,16,0.8125,0.828125,0.25,0.265625,0,48,22,0
53,16,0.828125,0.84375,0.25,0.265625,0,54,22,0
54,16,0.84375,0.859375,0.25,0.265625,0,56,22,0
55,16,0.859375,0.875,0.25,0.265625,0,59,22,0
56,16,0.875,0.890625,0.25,0.265625,0,59,22,0
57,16,0.890625,0.90625,0.25,0.265625,0,56,22,0
58,16,0.90625,0.921875,0.25,0.265625,0,60,22,0
59,16,0.921875,0.9375,0.25,0.265625,0,63,22,0
4,17,0.0625,0.078125,0.265625,0.28125,0,20,22,0
5,17,0.078125,0.09375,0.265625,0.28125,0,20,22,0
6,17,0.09375,0.109375,0.265625,0.28125,0,20,22,0
7,17,0.109375,0.125,0.265625,0.28125,0,23,22,0
8,17,0.125,0.140625,0.265625,0.28125,0,27,22,0
9,17,0.140625,0.15625,0.265625,0.28125,0,29,22,0
10,17,0.15625,0.171875,0.265625,0.28125,0,31,22,0
11,17,0.171875,0.1875,0.265625,0.28125,0,32,22,0
12,17,0.1875,0.203125,0.265625,0.28125,0,33,22,0
13,17,0.203125,0.21875,0.265625,0.28125,0,34,22,0
14,17,0.21875,0.234375,0.265625,0.28125,0,35,22,0
15,17,0.234375,0.25,0.265625,0.28125,0,36,22,0
16,17,0.25,0.265625,0.265625,0.28125,0,36,22,0
17,17,0.265625,0.28125,0.265625,0.28125,0,37,22,0
18,17,0.28125,0.296875,0.265625,0.28125,0,37,22,0
19,17,0.296875,0.3125,0.265625,0.28125,0,46,22,0
20,17,0.3125,0.328125,0.265625,0.28125,0,45,22,0
21,17,0.328125,0.34375,0.265625,0.28125,0,41,22,0
22,17,0.34375,0.359375,0.265625,0.28125,0,48,22,0
23,17,0.359375,0.375,0.265625,0.28125,0,56,22,0
24,17,0.375,0.390625,0.265625,0.28125,0,53,22,0
25,17,0.390625,0.40625,0.265625,0.28125,0,47,22,0
26,17,0.40625,0.421875,0.265625,0.28125,0,64,22,0
27,17,0.421875,0.4375,0.265625,0.28125,0,65,22,0
28,17,0.4375,0.453125,0.265625,0.28125,0,53,22,0
29,17,0.453125,0.46875,0.265625,0.28125,0,53,22,0
30,17,0.46875,0.484375,0.265625,0.28125,0,51,22,0
31,17,0.484375,0.5,0.265625,0.28125,0,51,22,0
32,17,0.5,0.515625,0.265625,0.28125,0,51,22,0
33,17,0.515625,0.53125,0.265625,0.28125,0,51,22,0
34,17,0.53125,0.546875,0.265625,0.28125,0,50,22,0
35,17,0.546875,0.5625,0.265625,0.28125,0,50,22,0
36,17,0.5625,0.578125,0.265625,0.28125,0,50,22,0
37,17,0.578125,0.59375,0.265625,0.28125,0,47,22,0
38,17,0.59375,0.609375,0.265625,0.28125,0,47,22,0
39,17,0.609375,0.625,0.265625,0.28125,0,47,22,0
40,17,0.625,0.640625,0.265625,0.28125,0,47,22,0
41,17,0.640625,0.65625,0.265625,0.28125,0,47,22,0
42,17,0.65625,0.671875,0.265625,0.28125,0,47,22,0
43,17,0.671875,0.6875,0.265625,0.28125,0,47,22,0
44,17,0.6875,0.703125,0.265625,0.28125,0,46,22,0
45,17,0.703125,0.71875,0.265625,0.28125,0,46,22,0
46,17,0.71875,0.734375,0.265625,0.28125,0,48,22,0
47,17,0.734375,0.75,0.265625,0.28125,0,48,22,0
48,17,0.75,0.765625,0.265625,0.28125,0,55,22,0
49,17,0.765625,0.78125,0.265625,0.28125,0,54,22,0
50,17,0.78125,0.796875,0.265625,0.28125,0,52,22,0
51,17,0.796875,0.8125,0.265625,0.28125,0,52,22,0
52,17,0.8125,0.828125,0.265625,0.28125,0,50,22,0
53,17,0.828125,0.84375,0.265625,0.28125,0,64,22,0
54,17,0.84375,0.859375,0.265625,0.28125,0,59,22,0
55,17,0.859375,0.875,0.265625,0.28125,0,56,22,0
56,17,0.875,0.890625,0.265625,0.28125,0,56,22,0
57,17,0.890625,0.90625,0.265625,0.28125,0,56,22,0
58,17,0.90625,0.921875,0.265625,0.28125,0,60,22,0
59,17,0.921875,0.9375,0.265625,0.28125,0,63,22,0
5,18,0.078125,0.09375,0.28125,0.296875,0,20,22,0
6,18,0.09375,0.109375,0.28125,0.296875,0,20,22,0
7,18,0.109375,0.125,0.28125,0.296875,0,23,22,0
8,18,0.125,0.140625,0.28125,0.296875,0,26,22,0
9,18,0.140625,0.15625,0.28125,0.296875,0,29,22,0
10,18,0.15625,0.171875,0.28125,0.296875,0,31,22,0
11,18,0.171875,0.1875,0.28125,0.296875,0,32,22,0
12,18,0.1875,0.203125,0.28125,0.296875,0,33,22,0
13,18,0.203125,0.21875,0.28125,0.296875,0,34,22,0
14,18,0.21875,0.234375,0.28125,0.296875,0,35,22,0
15,18,0.234375,0.25,0.28125,0.296875,0,36,22,0
16,18,0.25,0.265625,0.28125,0.296875,0,36,22,0
17,18,0.265625,0.28125,0.28125,0.296875,0,37,22,0
18,18,0.28125,0.296875,0.28125,0.296875,0,37,22,0
19,18,0.296875,0.3125,0.28125,0.296875,0,37,22,0
20,18,0.3125,0.328125,0.28125,0.296875,0,40,22,0
21,18,0.328125,0.34375,0.28125,0.296875,0,45,22,0
22,18,0.34375,0.359375,0.28125,0.296875,0,38,22,0
23,18,0.359375,0.375,0.28125,0.296875,0,56,22,0
24,18,0.375,0.390625,0.28125,0.296875,0,57,22,0
25,18,0.390625,0.40625,0.28125,0.296875,0,53,22,0
26,18,0.40625,0.421875,0.28125,0.296875,0,47,22,0
27,18,0.421875,0.4375,0.28125,0.296875,0,59,22,0
28,18,0.4375,0.453125,0.28125,0.296875,0,55,22,0
29,18,0.453125,0.46875,0.28125,0.296875,0,51,22,0
30,18,0.46875,0.484375,0.28125,0.296875,0,52,22,0
31,18,0.484375,0.5,0.28125,0.296875,0,50,22,0
32,18,0.5,0.515625,0.28125,0.296875,0,58,22,0
33,18,0.515625,0.53125,0.28125,0.296875,0,58,22,0
34,18,0.53125,0.546875,0.28125,0.296875,0,54,22,0
35,18,0.546875,0.5625,0.28125,0.296875,0,54,22,0
36,18,0.5625,0.578125,0.28125,0.296875,0,54,22,0
37,18,0.578125,0.59375,0.28125,0.296875,0,53,22,0
38,18,0.59375,0.609375,0.28125,0.296875,0,53,22,0
39,18,0.609375,0.625,0.28125,0.296875,0,53,22,0
40,18,0.625,0.640625,0.28125,0.296875,0,53,22,0
41,18,0.640625,0.65625,0.28125,0.296875,0,53,22,0
42,18,0.65625,0.671875,0.28125,0.296875,0,53,22,0
43,18,0.671875,0.6875,0.28125,0.296875,0,53,22,0
44,18,0.6875,0.703125,0.28125,0.296875,0,62,22,0
45,18,0.703125,0.71875,0.28125,0.296875,0,58,22,0
46,18,0.71875,0.734375,0.28125,0.296875,0,58,22,0
47,18,0.734375,0.75,0.28125,0.296875,0,58,22,0
48,18,0.75,0.765625,0.28125,0.296875,0,56,22,0
49,18,0.765625,0.78125,0.28125,0.296875,0,54,22,0
50,18,0.78125,0.796875,0.28125,0.296875,0,56,22,0
51,18,0.796875,0.8125,0.28125,0.296875,0,60,22,0
52,18,0.8125,0.828125,0.28125,0.296875,0,66,22,0
53,18,0.828125,0.84375,0.28125,0.296875,0,57,22,0
54,18,0.84375,0.859375,0.28125,0.296875,0,54,22,0
55,18,0.859375,0.875,0.28125,0.296875,0,56,22,0
56,18,0.875,0.890625,0.28125,0.296875,0,54,22,0
57,18,0.890625,0.90625,0.28125,0.296875,0,54,22,0
58,18,0.90625,0.921875,0.28125,0.296875,0,55,22,0
6,19,0.09375,0.109375,0.296875,0.3125,0,20,22,0
7,19,0.109375,0.125,0.296875,0.3125,0,22,22,0
8,19,0.125,0.140625,0.296875,0.3125,0,26,22,0
9,19,0.140625,0.15625,0.296875,0.3125,0,29,22,0
10,19,0.15625,0.171875,0.296875,0.3125,0,31,22,0
11,19,0.171875,0.1875,0.296875,0.3125,0,32,22,0
12,19,0.1875,0.203125,0.296875,0.3125,0,33,22,0
13,19,0.203125,0.21875,0.296875,0.3125,0,34,22,0
14,19,0.21875,0.234375,0.296875,0.3125,0,35,22,0
15,19,0.234375,0.25,0.296875,0.3125,0,36,22,0
16,19,0.25,0.265625,0.296875,0.3125,0,36,22,0
17,19,0.265625,0.28125,0.296875,0.3125,0,37,22,0
18,19,0.28125,0.296875,0.296875,0.3125,0,37,22,0
19,19,0.296875,0.3125,0.296875,0.3125,0,37,22,0
20,19,0.3125,0.328125,0.296875,0.3125,0,38,22,0
21,19,0.328125,0.34375,0.296875,0.3125,0,40,22,0
22,19,0.34375,0.359375,0.296875,0.3125,0,50,22,0
23,19,0.359375,0.375,0.296875,0.3125,0,38,22,0
24,19,0.375,0.390625,0.296875,0.3125,0,43,22,0
25,19,0.390625,0.40625,0.296875,0.3125,0,69,22,0
26,19,0.40625,0.421875,0.296875,0.3125,0,55,22,0
27,19,0.421875,0.4375,0.296875,0.3125,0,57,22,0
28,19,0.4375,0.453125,0.296875,0.3125,0,57,22,0
29,19,0.453125,0.46875,0.296875,0.3125,0,57,22,0
30,19,0.46875,0.484375,0.296875,0.3125,0,51,22,0
31,19,0.484375,0.5,0.296875,0.3125,0,51,22,0
32,19,0.5,0.515625,0.296875,0.3125,0,51,22,0
33,19,0.515625,0.53125,0.296875,0.3125,0,50,22,0
34,19,0.53125,0.546875,0.296875,0.3125,0,57,22,0
35,19,0.546875,0.5625,0.296875,0.3125,0,55,22,0
36,19,0.5625,0.578125,0.296875,0.3125,0,55,22,0
37,19,0.578125,0.59375,0.296875,0.3125,0,51,22,0
38,19,0.59375,0.609375,0.296875,0.3125,0,52,22,0
39,19,0.609375,0.625,0.296875,0.3125,0,52,22,0
40,19,0.625,0.640625,0.296875,0.3125,0,60,22,0
41,19,0.640625,0.65625,0.296875,0.3125,0,57,22,0
42,19,0.65625,0.671875,0.296875,0.3125,0,54,22,0
43,19,0.671875,0.6875,0.296875,0.3125,0,52,22,0
44,19,0.6875,0.703125,0.296875,0.3125,0,54,22,0
45,19,0.703125,0.71875,0.296875,0.3125,0,56,22,0
46,19,0.71875,0.734375,0.296875,0.3125,0,56,22,0
47,19,0.734375,0.75,0.296875,0.3125,0,56,22,0
48,19,0.75,0.765625,0.296875,0.3125,0,54,22,0
49,19,0.765625,0.78125,0.296875,0.3125,0,56,22,0
50,19,0.78125,0.796875,0.296875,0.3125,0,60,22,0
51,19,0.796875,0.8125,0.296875,0.3125,0,57,22,0
52,19,0.8125,0.828125,0.296875,0.3125,0,61,22,0
53,19,0.828125,0.84375,0.296875,0.3125,0,54,22,0
54,19,0.84375,0.859375,0.296875,0.3125,0,54,22,0
55,19,0.859375,0.875,0.296875,0.3125,0,54,22,0
56,19,0.875,0.890625,0.296875,0.3125,0,52,22,0
57,19,0.890625,0.90625,0.296875,0.3125,0,53,22,0
7,20,0.109375,0.125,0.3125,0.328125,0,20,22,0
8,20,0.125,0.140625,0.3125,0.328125,0,25,22,0
9,20,0.140625,0.15625,0.3125,0.328125,0,28,22,0
10,20,0.15625,0.171875,0.3125,0.328125,0,31,22,0
11,20,0.171875,0.1875,0.3125,0.328125,0,32,22,0
12,20,0.1875,0.203125,0.3125,0.328125,0,33,22,0
13,20,0.203125,0.21875,0.3125,0.328125,0,34,22,0
14,20,0.21875,0.234375,0.3125,0.328125,0,35,22,0
15,20,0.234375,0.25,0.3125,0.328125,0,36,22,0
16,20,0.25,0.265625,0.3125,0.328125,0,36,22,0
17,20,0.265625,0.28125,0.3125,0.328125,0,37,22,0
18,20,0.28125,0.296875,0.3125,0.328125,0,37,22,0
19,20,0.296875,0.3125,0.3125,0.328125,0,37,22,0
20,20,0.3125,0.328125,0.3125,0.328125,0,38,22,0
21,20,0.328125,0.34375,0.3125,0.328125,0,38,22,0
22,20,0.34375,0.359375,0.3125,0.328125,0,40,22,0
23,20,0.359375,0.375,0.3125,0.328125,0,50,22,0
24,20,0.375,0.390625,0.3125,0.328125,0,49,22,0
25,20,0.390625,0.40625,0.3125,0.328125,0,41,22,0
26,20,0.40625,0.421875,0.3125,0.328125,0,41,22,0
27,20,0.421875,0.4375,0.3125,0.328125,0,67,22,0
28,20,0.4375,0.453125,0.3125,0.328125,0,63,22,0
29,20,0.453125,0.46875,0.3125,0.328125,0,62,22,0
30,20,0.46875,0.484375,0.3125,0.328125,0,60,22,0
31,20,0.484375,0.5,0.3125,0.328125,0,54,22,0
32,20,0.5,0.515625,0.3125,0.328125,0,51,22,0
33,20,0.515625,0.53125,0.3125,0.328125,0,51,22,0
34,20,0.53125,0.546875,0.3125,0.328125,0,51,22,0
35,20,0.546875,0.5625,0.3125,0.328125,0,49,22,0
36,20,0.5625,0.578125,0.3125,0.328125,0,50,22,0
37,20,0.578125,0.59375,0.3125,0.328125,0,57,22,0
38,20,0.59375,0.609375,0.3125,0.328125,0,57,22,0
39,20,0.609375,0.625,0.3125,0.328125,0,57,22,0
40,20,0.625,0.640625,0.3125,0.328125,0,53,22,0
41,20,0.640625,0.65625,0.3125,0.328125,0,51,22,0
42,20,0.65625,0.671875,0.3125,0.328125,0,51,22,0
43,20,0.671875,0.6875,0.3125,0.328125,0,51,22,0
44,20,0.6875,0.703125,0.3125,0.328125,0,52,22,0
45,20,0.703125,0.71875,0.3125,0.328125,0,52,22,0
46,20,0.71875,0.734375,0.3125,0.328125,0,52,22,0
47,20,0.734375,0.75,0.3125,0.328125,0,58,22,0
48,20,0.75,0.765625,0.3125,0.328125,0,57,22,0
49,20,0.765625,0.78125,0.3125,0.328125,0,64,22,0
50,20,0.78125,0.796875,0.3125,0.328125,0,73,22,0
51,20,0.796875,0.8125,0.3125,0.328125,0,43,22,0
52,20,0.8125,0.828125,0.3125,0.328125,0,56,22,0
53,20,0.828125,0.84375,0.3125,0.328125,0,56,22,0
54,20,0.84375,0.859375,0.3125,0.328125,0,56,22,0
55,20,0.859375,0.875,0.3125,0.328125,0,52,22,0
56,20,0.875,0.890625,0.3125,0.328125,0,57,22,0
7,21,0.109375,0.125,0.328125,0.34375,0,20,22,0
8,21,0.125,0.140625,0.328125,0.34375,0,24,22,0
9,21,0.140625,0.15625,0.328125,0.34375,0,28,22,0
10,21,0.15625,0.171875,0.328125,0.34375,0,30,22,0
11,21,0.171875,0.1875,0.328125,0.34375,0,32,22,0
12,21,0.1875,0.203125,0.328125,0.34375,0,33,22,0
13,21,0.203125,0.21875,0.328125,0.34375,0,34,22,0
14,21,0.21875,0.234375,0.328125,0.34375,0,35,22,0
15,21,0.234375,0.25,0.328125,0.34375,0,36,22,0
16,21,0.25,0.265625,0.328125,0.34375,0,36,22,0
17,21,0.265625,0.28125,0.328125,0.34375,0,37,22,0
18,21,0.28125,0.296875,0.328125,0.34375,0,37,22,0
19,21,0.296875,0.3125,0.328125,0.34375,0,37,22,0
20,21,0.3125,0.328125,0.328125,0.34375,0,38,22,0
21,21,0.328125,0.34375,0.328125,0.34375,0,38,22,0
22,21,0.34375,0.359375,0.328125,0.34375,0,38,22,0
23,21,0.359375,0.375,0.328125,0.34375,0,38,22,0
24,21,0.375,0.390625,0.328125,0.34375,0,55,22,0
25,21,0.390625,0.40625,0.328125,0.34375,0,47,22,0
26,21,0.40625,0.421875,0.328125,0.34375,0,44,22,0
27,21,0.421875,0.4375,0.328125,0.34375,0,48,22,0
28,21,0.4375,0.453125,0.328125,0.34375,0,42,22,0
29,21,0.453125,0.46875,0.328125,0.34375,0,70,22,0
30,21,0.46875,0.484375,0.328125,0.34375,0,68,22,0
31,21,0.484375,0.5,0.328125,0.34375,0,62,22,0
32,21,0.5,0.515625,0.328125,0.34375,0,54,22,0
33,21,0.515625,0.53125,0.328125,0.34375,0,56,22,0
34,21,0.53125,0.546875,0.328125,0.34375,0,53,22,0
35,21,0.546875,0.5625,0.328125,0.34375,0,53,22,0
36,21,0.5625,0.578125,0.328125,0.34375,0,51,22,0
37,21,0.578125,0.59375,0.328125,0.34375,0,53,22,0
38,21,0.59375,0.609375,0.328125,0.34375,0,51,22,0
39,21,0.609375,0.625,0.328125,0.34375,0,52,22,0
40,21,0.625,0.640625,0.328125,0.34375,0,51,22,0
41,21,0.640625,0.65625,0.328125,0.34375,0,55,22,0
42,21,0.65625,0.671875,0.328125,0.34375,0,57,22,0
43,21,0.671875,0.6875,0.328125,0.34375,0,55,22,0
44,21,0.6875,0.703125,0.328125,0.34375,0,59,22,0
45,21,0.703125,0.71875,0.328125,0.34375,0,59,22,0
46,21,0.71875,0.734375,0.328125,0.34375,0,58,22,0
47,21,0.734375,0.75,0.328125,0.34375,0,64,22,0
48,21,0.75,0.765625,0.328125,0.34375,0,82,22,0
49,21,0.765625,0.78125,0.328125,0.34375,0,45,22,0
50,21,0.78125,0.796875,0.328125,0.34375,0,58,22,0
51,21,0.796875,0.8125,0.328125,0.34375,0,56,22,0
52,21,0.8125,0.828125,0.328125,0.34375,0,54,22,0
53,21,0.828125,0.84375,0.328125,0.34375,0,54,22,0
54,21,0.84375,0.859375,0.328125,0.34375,0,61,22,0
55,21,0.859375,0.875,0.328125,0.34375,0,53,22,0
56,21,0.875,0.890625,0.328125,0.34375,0,57,22,0
8,22,0.125,0.140625,0.34375,0.359375,0,23,22,0
9,22,0.140625,0.15625,0.34375,0.359375,0,27,22,0
10,22,0.15625,0.171875,0.34375,0.359375,0,30,22,0
11,22,0.171875,0.1875,0.34375,0.359375,0,32,22,0
12,22,0.1875,0.203125,0.34375,0.359375,0,33,22,0
13,22,0.203125,0.21875,0.34375,0.359375,0,34,22,0
14,22,0.21875,0.234375,0.34375,0.359375,0,35,22,0
15,22,0.234375,0.25,0.34375,0.359375,0,36,22,0
16,22,0.25,0.265625,0.34375,0.359375,0,36,22,0
17,22,0.265625,0.28125,0.34375,0.359375,0,37,22,0
18,22,0.28125,0.296875,0.34375,0.359375,0,37,22,0
19,22,0.296875,0.3125,0.34375,0.359375,0,37,22,0
20,22,0.3125,0.328125,0.34375,0.359375,0,38,22,0
21,22,0.328125,0.34375,0.34375,0.359375,0,38,22,0
22,22,0.34375,0.359375,0.34375,0.359375,0,38,22,0
23,22,0.359375,0.375,0.34375,0.359375,0,38,22,0
24,22,0.375,0.390625,0.34375,0.359375,0,39,22,0
25,22,0.390625,0.40625,0.34375,0.359375,0,42,22,0
26,22,0.40625,0.421875,0.34375,0.359375,0,47,22,0
27,22,0.421875,0.4375,0.34375,0.359375,0,42,22,0
28,22,0.4375,0.453125,0.34375,0.359375,0,42,22,0
29,22,0.453125,0.46875,0.34375,0.359375,0,44,22,0
30,22,0.46875,0.484375,0.34375,0.359375,0,42,22,0
31,22,0.484375,0.5,0.34375,0.359375,0,59,22,0
32,22,0.5,0.515625,0.34375,0.359375,0,66,22,0
33,22,0.515625,0.53125,0.34375,0.359375,0,62,22,0
34,22,0.53125,0.546875,0.34375,0.359375,0,66,22,0
35,22,0.546875,0.5625,0.34375,0.359375,0,66,22,0
36,22,0.5625,0.578125,0.34375,0.359375,0,56,22,0
37,22,0.578125,0.59375,0.34375,0.359375,0,57,22,0
38,22,0.59375,0.609375,0.34375,0.359375,0,58,22,0
39,22,0.609375,0.625,0.34375,0.359375,0,58,22,0
40,22,0.625,0.640625,0.34375,0.359375,0,56,22,0
41,22,0.640625,0.65625,0.34375,0.359375,0,56,22,0
42,22,0.65625,0.671875,0.34375,0.359375,0,57,22,0
43,22,0.671875,0.6875,0.34375,0.359375,0,63,22,0
44,22,0.6875,0.703125,0.34375,0.359375,0,65,22,0
45,22,0.703125,0.71875,0.34375,0.359375,0,70,22,0
46,22,0.71875,0.734375,0.34375,0.359375,0,83,22,0
47,22,0.734375,0.75,0.34375,0.359375,0,62,22,0
48,22,0.75,0.765625,0.34375,0.359375,0,52,22,0
49,22,0.765625,0.78125,0.34375,0.359375,0,50,22,0
50,22,0.78125,0.796875,0.34375,0.359375,0,52,22,0
51,22,0.796875,0.8125,0.34375,0.359375,0,52,22,0
52,22,0.8125,0.828125,0.34375,0.359375,0,56,22,0
53,22,0.828125,0.84375,0.34375,0.359375,0,51,22,0
54,22,0.84375,0.859375,0.34375,0.359375,0,53,22,0
55,22,0.859375,0.875,0.34375,0.359375,0,49,22,0
9,23,0.140625,0.15625,0.359375,0.375,0,27,22,0
10,23,0.15625,0.171875,0.359375,0.375,0,29,22,0
11,23,0.171875,0.1875,0.359375,0.375,0,31,22,0
12,23,0.1875,0.203125,0.359375,0.375,0,33,22,0
13,23,0.203125,0.21875,0.359375,0.375,0,34,22,0
14,23,0.21875,0.234375,0.359375,0.375,0,35,22,0
15,23,0.234375,0.25,0.359375,0.375,0,36,22,0
16,23,0.25,0.265625,0.359375,0.375,0,36,22,0
17,23,0.265625,0.28125,0.359375,0.375,0,37,22,0
18,23,0.28125,0.296875,0.359375,0.375,0,37,22,0
19,23,0.296875,0.3125,0.359375,0.375,0,37,22,0
20,23,0.3125,0.328125,0.359375,0.375,0,38,22,0
21,23,0.328125,0.34375,0.359375,0.375,0,38,22,0
22,23,0.34375,0.359375,0.359375,0.375,0,38,22,0
23,23,0.359375,0.375,0.359375,0.375,0,38,22,0
24,23,0.375,0.390625,0.359375,0.375,0,39,22,0
25,23,0.390625,0.40625,0.359375,0.375,0,39,22,0
26,23,0.40625,0.421875,0.359375,0.375,0,42,22,0
27,23,0.421875,0.4375,0.359375,0.375,0,48,22,0
28,23,0.4375,0.453125,0.359375,0.375,0,48,22,0
29,23,0.453125,0.46875,0.359375,0.375,0,43,22,0
30,23,0.46875,0.484375,0.359375,0.375,0,41,22,0
31,23,0.484375,0.5,0.359375,0.375,0,42,22,0
32,23,0.5,0.515625,0.359375,0.375,0,42,22,0
33,23,0.515625,0.53125,0.359375,0.375,0,51,22,0
34,23,0.53125,0.546875,0.359375,0.375,0,46,22,0
35,23,0.546875,0.5625,0.359375,0.375,0,80,22,0
36,23,0.5625,0.578125,0.359375,0.375,0,84,22,0
37,23,0.578125,0.59375,0.359375,0.375,0,76,22,0
38,23,0.59375,0.609375,0.359375,0.375,0,73,22,0
39,23,0.609375,0.625,0.359375,0.375,0,69,22,0
40,23,0.625,0.640625,0.359375,0.375,0,84,22,0
41,23,0.640625,0.65625,0.359375,0.375,0,83,22,0
42,23,0.65625,0.671875,0.359375,0.375,0,92,22,0
43,23,0.671875,0.6875,0.359375,0.375,0,95,22,0
44,23,0.6875,0.703125,0.359375,0.375,0,58,22,0
45,23,0.703125,0.71875,0.359375,0.375,0,54,22,0
46,23,0.71875,0.734375,0.359375,0.375,0,54,22,0
47,23,0.734375,0.75,0.359375,0.375,0,54,22,0
48,23,0.75,0.765625,0.359375,0.375,0,54,22,0
49,23,0.765625,0.78125,0.359375,0.375,0,56,22,0
50,23,0.78125,0.796875,0.359375,0.375,0,49,22,0
51,23,0.796875,0.8125,0.359375,0.375,0,49,22,0
52,23,0.8125,0.828125,0.359375,0.375,0,51,22,0
53,23,0.828125,0.84375,0.359375,0.375,0,53,22,0
54,23,0.84375,0.859375,0.359375,0.375,0,47,22,0
10,24,0.15625,0.171875,0.375,0.390625,0,29,22,0
11,24,0.171875,0.1875,0.375,0.390625,0,31,22,0
12,24,0.1875,0.203125,0.375,0.390625,0,33,22,0
13,24,0.203125,0.21875,0.375,0.390625,0,34,22,0
14,24,0.21875,0.234375,0.375,0.390625,0,35,22,0
15,24,0.234375,0.25,0.375,0.390625,0,35,22,0
16,24,0.25,0.265625,0.375,0.390625,0,36,22,0
17,24,0.265625,0.28125,0.375,0.390625,0,37,22,0
18,24,0.28125,0.296875,0.375,0.390625,0,37,22,0
19,24,0.296875,0.3125,0.375,0.390625,0,37,22,0
20,24,0.3125,0.328125,0.375,0.390625,0,38,22,0
21,24,0.328125,0.34375,0.375,0.390625,0,38,22,0
22,24,0.34375,0.359375,0.375,0.390625,0,38,22,0
23,24,0.359375,0.375,0.375,0.390625,0,38,22,0
24,24,0.375,0.390625,0.375,0.390625,0,39,22,0
25,24,0.390625,0.40625,0.375,0.390625,0,39,22,0
26,24,0.40625,0.421875,0.375,0.390625,0,39,22,0
27,24,0.421875,0.4375,0.375,0.390625,0,45,22,0
28,24,0.4375,0.453125,0.375,0.390625,0,42,22,0
29,24,0.453125,0.46875,0.375,0.390625,0,50,22,0
30,24,0.46875,0.484375,0.375,0.390625,0,48,22,0
31,24,0.484375,0.5,0.375,0.390625,0,43,22,0
32,24,0.5,0.515625,0.375,0.390625,0,45,22,0
33,24,0.515625,0.53125,0.375,0.390625,0,50,22,0
34,24,0.53125,0.546875,0.375,0.390625,0,50,22,0
35,24,0.546875,0.5625,0.375,0.390625,0,50,22,0
36,24,0.5625,0.578125,0.375,0.390625,0,44,22,0
37,24,0.578125,0.59375,0.375,0.390625,0,45,22,0
38,24,0.59375,0.609375,0.375,0.390625,0,47,22,0
39,24,0.609375,0.625,0.375,0.390625,0,71,22,0
40,24,0.625,0.640625,0.375,0.390625,0,68,22,0
41,24,0.640625,0.65625,0.375,0.390625,0,68,22,0
42,24,0.65625,0.671875,0.375,0.390625,0,66,22,0
43,24,0.671875,0.6875,0.375,0.390625,0,64,22,0
44,24,0.6875,0.703125,0.375,0.390625,0,72,22,0
45,24,0.703125,0.71875,0.375,0.390625,0,49,22,0
46,24,0.71875,0.734375,0.375,0.390625,0,49,22,0
47,24,0.734375,0.75,0.375,0.390625,0,51,22,0
48,24,0.75,0.765625,0.375,0.390625,0,51,22,0
49,24,0.765625,0.78125,0.375,0.390625,0,45,22,0
50,24,0.78125,0.796875,0.375,0.390625,0,45,22,0
51,24,0.796875,0.8125,0.375,0.390625,0,45,22,0
52,24,0.8125,0.828125,0.375,0.390625,0,47,22,0
53,24,0.828125,0.84375,0.375,0.390625,0,51,22,0
12,25,0.1875,0.203125,0.390625,0.40625,0,32,22,0
13,25,0.203125,0.21875,0.390625,0.40625,0,34,22,0
14,25,0.21875,0.234375,0.390625,0.40625,0,35,22,0
15,25,0.234375,0.25,0.390625,0.40625,0,35,22,0
16,25,0.25,0.265625,0.390625,0.40625,0,36,22,0
17,25,0.265625,0.28125,0.390625,0.40625,0,36,22,0
18,25,0.28125,0.296875,0.390625,0.40625,0,37,22,0
19,25,0.296875,0.3125,0.390625,0.40625,0,37,22,0
20,25,0.3125,0.328125,0.390625,0.40625,0,38,22,0
21,25,0.328125,0.34375,0.390625,0.40625,0,38,22,0
22,25,0.34375,0.359375,0.390625,0.40625,0,38,22,0
23,25,0.359375,0.375,0.390625,0.40625,0,38,22,0
24,25,0.375,0.390625,0.390625,0.40625,0,39,22,0
25,25,0.390625,0.40625,0.390625,0.40625,0,39,22,0
26,25,0.40625,0.421875,0.390625,0.40625,0,39,22,0
27,25,0.421875,0.4375,0.390625,0.40625,0,39,22,0
28,25,0.4375,0.453125,0.390625,0.40625,0,39,22,0
29,25,0.453125,0.46875,0.390625,0.40625,0,42,22,0
30,25,0.46875,0.484375,0.390625,0.40625,0,43,22,0
31,25,0.484375,0.5,0.390625,0.40625,0,52,22,0
32,25,0.5,0.515625,0.390625,0.40625,0,64,22,0
33,25,0.515625,0.53125,0.390625,0.40625,0,53,22,0
34,25,0.53125,0.546875,0.390625,0.40625,0,49,22,0
35,25,0.546875,0.5625,0.390625,0.40625,0,51,22,0
36,25,0.5625,0.578125,0.390625,0.40625,0,50,22,0
37,25,0.578125,0.59375,0.390625,0.40625,0,53,22,0
38,25,0.59375,0.609375,0.390625,0.40625,0,50,22,0
39,25,0.609375,0.625,0.390625,0.40625,0,51,22,0
40,25,0.625,0.640625,0.390625,0.40625,0,47,22,0
41,25,0.640625,0.65625,0.390625,0.40625,0,48,22,0
42,25,0.65625,0.671875,0.390625,0.40625,0,54,22,0
43,25,0.671875,0.6875,0.390625,0.40625,0,48,22,0
44,25,0.6875,0.703125,0.390625,0.40625,0,47,22,0
45,25,0.703125,0.71875,0.390625,0.40625,0,43,22,0
46,25,0.71875,0.734375,0.390625,0.40625,0,43,22,0
47,25,0.734375,0.75,0.390625,0.40625,0,47,22,0
48,25,0.75,0.765625,0.390625,0.40625,0,48,22,0
49,25,0.765625,0.78125,0.390625,0.40625,0,47,22,0
50,25,0.78125,0.796875,0.390625,0.40625,0,47,22,0
51,25,0.796875,0.8125,0.390625,0.40625,0,49,22,0
13,26,0.203125,0.21875,0.40625,0.421875,0,33,22,0
14,26,0.21875,0.234375,0.40625,0.421875,0,34,22,0
15,26,0.234375,0.25,0.40625,0.421875,0,35,22,0
16,26,0.25,0.265625,0.40625,0.421875,0,36,22,0
17,26,0.265625,0.28125,0.40625,0.421875,0,36,22,0
18,26,0.28125,0.296875,0.40625,0.421875,0,37,22,0
19,26,0.296875,0.3125,0.40625,0.421875,0,37,22,0
20,26,0.3125,0.328125,0.40625,0.421875,0,38,22,0
21,26,0.328125,0.34375,0.40625,0.421875,0,38,22,0
22,26,0.34375,0.359375,0.40625,0.421875,0,38,22,0
23,26,0.359375,0.375,0.40625,0.421875,0,38,22,0
24,26,0.375,0.390625,0.40625,0.421875,0,39,22,0
25,26,0.390625,0.40625,0.40625,0.421875,0,39,22,0
26,26,0.40625,0.421875,0.40625,0.421875,0,39,22,0
27,26,0.421875,0.4375,0.40625,0.421875,0,39,22,0
28,26,0.4375,0.453125,0.40625,0.421875,0,39,22,0
29,26,0.453125,0.46875,0.40625,0.421875,0,39,22,0
30,26,0.46875,0.484375,0.40625,0.421875,0,40,22,0
31,26,0.484375,0.5,0.40625,0.421875,0,42,22,0
32,26,0.5,0.515625,0.40625,0.421875,0,41,22,0
33,26,0.515625,0.53125,0.40625,0.421875,0,64,22,0
34,26,0.53125,0.546875,0.40625,0.421875,0,67,22,0
35,26,0.546875,0.5625,0.40625,0.421875,0,63,22,0
36,26,0.5625,0.578125,0.40625,0.421875,0,61,22,0
37,26,0.578125,0.59375,0.40625,0.421875,0,78,22,0
38,26,0.59375,0.609375,0.40625,0.421875,0,51,22,0
39,26,0.609375,0.625,0.40625,0.421875,0,66,22,0
40,26,0.625,0.640625,0.40625,0.421875,0,57,22,0
41,26,0.640625,0.65625,0.40625,0.421875,0,47,22,0
42,26,0.65625,0.671875,0.40625,0.421875,0,45,22,0
43,26,0.671875,0.6875,0.40625,0.421875,0,45,22,0
44,26,0.6875,0.703125,0.40625,0.421875,0,44,22,0
45,26,0.703125,0.71875,0.40625,0.421875,0,44,22,0
46,26,0.71875,0.734375,0.40625,0.421875,0,49,22,0
47,26,0.734375,0.75,0.40625,0.421875,0,51,22,0
48,26,0.75,0.765625,0.40625,0.421875,0,49,22,0
49,26,0.765625,0.78125,0.40625,0.421875,0,48,22,0
50,26,0.78125,0.796875,0.40625,0.421875,0,49,22,0
14,27,0.21875,0.234375,0.421875,0.4375,0,34,22,0
15,27,0.234375,0.25,0.421875,0.4375,0,35,22,0
16,27,0.25,0.265625,0.421875,0.4375,0,36,22,0
17,27,0.265625,0.28125,0.421875,0.4375,0,36,22,0
18,27,0.28125,0.296875,0.421875,0.4375,0,37,22,0
19,27,0.296875,0.3125,0.421875,0.4375,0,37,22,0
20,27,0.3125,0.328125,0.421875,0.4375,0,38,22,0
21,27,0.328125,0.34375,0.421875,0.4375,0,38,22,0
22,27,0.34375,0.359375,0.421875,0.4375,0,38,22,0
23,27,0.359375,0.375,0.421875,0.4375,0,38,22,0
24,27,0.375,0.390625,0.421875,0.4375,0,39,22,0
25,27,0.390625,0.40625,0.421875,0.4375,0,39,22,0
26,27,0.40625,0.421875,0.421875,0.4375,0,39,22,0
27,27,0.421875,0.4375,0.421875,0.4375,0,39,22,0
28,27,0.4375,0.453125,0.421875,0.4375,0,39,22,0
29,27,0.453125,0.46875,0.421875,0.4375,0,39,22,0
30,27,0.46875,0.484375,0.421875,0.4375,0,39,22,0
31,27,0.484375,0.5,0.421875,0.4375,0,42,22,0
32,27,0.5,0.515625,0.421875,0.4375,0,40,22,0
33,27,0.515625,0.53125,0.421875,0.4375,0,41,22,0
34,27,0.53125,0.546875,0.421875,0.4375,0,41,22,0
35,27,0.546875,0.5625,0.421875,0.4375,0,49,22,0
36,27,0.5625,0.578125,0.421875,0.4375,0,47,22,0
37,27,0.578125,0.59375,0.421875,0.4375,0,43,22,0
38,27,0.59375,0.609375,0.421875,0.4375,0,55,22,0
39,27,0.609375,0.625,0.421875,0.4375,0,51,22,0
40,27,0.625,0.640625,0.421875,0.4375,0,56,22,0
41,27,0.640625,0.65625,0.421875,0.4375,0,51,22,0
42,27,0.65625,0.671875,0.421875,0.4375,0,49,22,0
43,27,0.671875,0.6875,0.421875,0.4375,0,47,22,0
44,27,0.6875,0.703125,0.421875,0.4375,0,47,22,0
45,27,0.703125,0.71875,0.421875,0.4375,0,45,22,0
46,27,0.71875,0.734375,0.421875,0.4375,0,45,22,0
47,27,0.734375,0.75,0.421875,0.4375,0,45,22,0
48,27,0.75,0.765625,0.421875,0.4375,0,45,22,0
49,27,0.765625,0.78125,0.421875,0.4375,0,49,22,0
16,28,0.25,0.265625,0.4375,0.453125,0,36,22,0
17,28,0.265625,0.28125,0.4375,0.453125,0,36,22,0
18,28,0.28125,0.296875,0.4375,0.453125,0,37,22,0
19,28,0.296875,0.3125,0.4375,0.453125,0,37,22,0
20,28,0.3125,0.328125,0.4375,0.453125,0,38,22,0
21,28,0.328125,0.34375,0.4375,0.453125,0,38,22,0
22,28,0.34375,0.359375,0.4375,0.453125,0,38,22,0
23,28,0.359375,0.375,0.4375,0.453125,0,38,22,0
24,28,0.375,0.390625,0.4375,0.453125,0,39,22,0
25,28,0.390625,0.40625,0.4375,0.453125,0,39,22,0
26,28,0.40625,0.421875,0.4375,0.453125,0,39,22,0
27,28,0.421875,0.4375,0.4375,0.453125,0,39,22,0
28,28,0.4375,0.453125,0.4375,0.453125,0,39,22,0
29,28,0.453125,0.46875,0.4375,0.453125,0,39,22,0
30,28,0.46875,0.484375,0.4375,0.453125,0,39,22,0
31,28,0.484375,0.5,0.4375,0.453125,0,39,22,0
32,28,0.5,0.515625,0.4375,0.453125,0,39,22,0
33,28,0.515625,0.53125,0.4375,0.453125,0,40,22,0
34,28,0.53125,0.546875,0.4375,0.453125,0,40,22,0
35,28,0.546875,0.5625,0.4375,0.453125,0,41,22,0
36,28,0.5625,0.578125,0.4375,0.453125,0,41,22,0
37,28,0.578125,0.59375,0.4375,0.453125,0,42,22,0
38,28,0.59375,0.609375,0.4375,0.453125,0,50,22,0
39,28,0.609375,0.625,0.4375,0.453125,0,49,22,0
40,28,0.625,0.640625,0.4375,0.453125,0,45,22,0
41,28,0.640625,0.65625,0.4375,0.453125,0,44,22,0
42,28,0.65625,0.671875,0.4375,0.453125,0,45,22,0
43,28,0.671875,0.6875,0.4375,0.453125,0,43,22,0
44,28,0.6875,0.703125,0.4375,0.453125,0,51,22,0
45,28,0.703125,0.71875,0.4375,0.453125,0,47,22,0
46,28,0.71875,0.734375,0.4375,0.453125,0,47,22,0
47,28,0.734375,0.75,0.4375,0.453125,0,47,22,0
18,29,0.28125,0.296875,0.453125,0.46875,0,37,22,0
19,29,0.296875,0.3125,0.453125,0.46875,0,37,22,0
20,29,0.3125,0.328125,0.453125,0.46875,0,37,22,0
21,29,0.328125,0.34375,0.453125,0.46875,0,38,22,0
22,29,0.34375,0.359375,0.453125,0.46875,0,38,22,0
23,29,0.359375,0.375,0.453125,0.46875,0,38,22,0
24,29,0.375,0.390625,0.453125,0.46875,0,38,22,0
25,29,0.390625,0.40625,0.453125,0.46875,0,39,22,0
26,29,0.40625,0.421875,0.453125,0.46875,0,39,22,0
27,29,0.421875,0.4375,0.453125,0.46875,0,39,22,0
28,29,0.4375,0.453125,0.453125,0.46875,0,39,22,0
29,29,0.453125,0.46875,0.453125,0.46875,0,39,22,0
30,29,0.46875,0.484375,0.453125,0.46875,0,39,22,0
31,29,0.484375,0.5,0.453125,0.46875,0,39,22,0
32,29,0.5,0.515625,0.453125,0.46875,0,39,22,0
33,29,0.515625,0.53125,0.453125,0.46875,0,39,22,0
34,29,0.53125,0.546875,0.453125,0.46875,0,39,22,0
35,29,0.546875,0.5625,0.453125,0.46875,0,40,22,0
36,29,0.5625,0.578125,0.453125,0.46875,0,40,22,0
37,29,0.578125,0.59375,0.453125,0.46875,0,41,22,0
38,29,0.59375,0.609375,0.453125,0.46875,0,42,22,0
39,29,0.609375,0.625,0.453125,0.46875,0,42,22,0
40,29,0.625,0.640625,0.453125,0.46875,0,42,22,0
41,29,0.640625,0.65625,0.453125,0.46875,0,54,22,0
42,29,0.65625,0.671875,0.453125,0.46875,0,44,22,0
43,29,0.671875,0.6875,0.453125,0.46875,0,46,22,0
44,29,0.6875,0.703125,0.453125,0.46875,0,45,22,0
45,29,0.703125,0.71875,0.453125,0.46875,0,45,22,0
20,30,0.3125,0.328125,0.46875,0.484375,0,37,22,0
21,30,0.328125,0.34375,0.46875,0.484375,0,38,22,0
22,30,0.34375,0.359375,0.46875,0.484375,0,38,22,0
23,30,0.359375,0.375,0.46875,0.484375,0,38,22,0
24,30,0.375,0.390625,0.46875,0.484375,0,38,22,0
25,30,0.390625,0.40625,0.46875,0.484375,0,39,22,0
26,30,0.40625,0.421875,0.46875,0.484375,0,39,22,0
27,30,0.421875,0.4375,0.46875,0.484375,0,39,22,0
28,30,0.4375,0.453125,0.46875,0.484375,0,39,22,0
29,30,0.453125,0.46875,0.46875,0.484375,0,39,22,0
30,30,0.46875,0.484375,0.46875,0.484375,0,39,22,0
31,30,0.484375,0.5,0.46875,0.484375,0,39,22,0
32,30,0.5,0.515625,0.46875,0.484375,0,39,22,0
33,30,0.515625,0.53125,0.46875,0.484375,0,39,22,0
34,30,0.53125,0.546875,0.46875,0.484375,0,39,22,0
35,30,0.546875,0.5625,0.46875,0.484375,0,39,22,0
36,30,0.5625,0.578125,0.46875,0.484375,0,39,22,0
37,30,0.578125,0.59375,0.46875,0.484375,0,40,22,0
38,30,0.59375,0.609375,0.46875,0.484375,0,41,22,0
39,30,0.609375,0.625,0.46875,0.484375,0,39,22,0
40,30,0.625,0.640625,0.46875,0.484375,0,40,22,0
41,30,0.640625,0.65625,0.46875,0.484375,0,41,22,0
42,30,0.65625,0.671875,0.46875,0.484375,0,45,22,0
43,30,0.671875,0.6875,0.46875,0.484375,0,47,22,0
24,31,0.375,0.390625,0.484375,0.5,0,38,22,0
25,31,0.390625,0.40625,0.484375,0.5,0,39,22,0
26,31,0.40625,0.421875,0.484375,0.5,0,39,22,0
27,31,0.421875,0.4375,0.484375,0.5,0,39,22,0
28,31,0.4375,0.453125,0.484375,0.5,0,39,22,0
29,31,0.453125,0.46875,0.484375,0.5,0,39,22,0
30,31,0.46875,0.484375,0.484375,0.5,0,39,22,0
31,31,0.484375,0.5,0.484375,0.5,0,39,22,0
32,31,0.5,0.515625,0.484375,0.5,0,39,22,0
33,31,0.515625,0.53125,0.484375,0.5,0,39,22,0
34,31,0.53125,0.546875,0.484375,0.5,0,39,22,0
35,31,0.546875,0.5625,0.484375,0.5,0,39,22,0
36,31,0.5625,0.578125,0.484375,0.5,0,39,22,0
37,31,0.578125,0.59375,0.484375,0.5,0,39,22,0
38,31,0.59375,0.609375,0.484375,0.5,0,39,22,0
39,31,0.609375,0.625,0.484375,0.5,0,39,22,0
